source,struct,order,offset_guess,member,fullname,comment,repeatable_comment,typeinfo_hex
san11pk_dump.exe.idb,GUID,0,,Data1,GUID.Data1,,,2700
san11pk_dump.exe.idb,GUID,1,,Data2,GUID.Data2,,,2300
san11pk_dump.exe.idb,GUID,2,,Data3,GUID.Data3,,,2300
san11pk_dump.exe.idb,GUID,3,,Data4,GUID.Data4,,,1b092200
san11pk_dump.exe.idb,_SCOPETABLE_ENTRY,0,,EnclosingLevel,_SCOPETABLE_ENTRY.EnclosingLevel,,,0700
san11pk_dump.exe.idb,_SCOPETABLE_ENTRY,1,,FilterFunc,_SCOPETABLE_ENTRY.FilterFunc,,,0a0100
san11pk_dump.exe.idb,_SCOPETABLE_ENTRY,2,,HandlerFunc,_SCOPETABLE_ENTRY.HandlerFunc,,,0a0100
san11pk_dump.exe.idb,CPPEH_RECORD,0,,old_esp,CPPEH_RECORD.old_esp,,,3d0644574f524400
san11pk_dump.exe.idb,CPPEH_RECORD,1,,exc_ptr,CPPEH_RECORD.exc_ptr,,,0a3d13455843455054494f4e5f504f494e5445525300
san11pk_dump.exe.idb,CPPEH_RECORD,2,,registration,CPPEH_RECORD.registration,,,0d0103234700
san11pk_dump.exe.idb,_EH3_EXCEPTION_REGISTRATION,0,,Next,_EH3_EXCEPTION_REGISTRATION.Next,,,0a0d0103234700
san11pk_dump.exe.idb,_EH3_EXCEPTION_REGISTRATION,1,,ExceptionHandler,_EH3_EXCEPTION_REGISTRATION.ExceptionHandler,,,3d0650564f494400
san11pk_dump.exe.idb,_EH3_EXCEPTION_REGISTRATION,2,,ScopeTable,_EH3_EXCEPTION_REGISTRATION.ScopeTable,,,3d03234600
san11pk_dump.exe.idb,_EH3_EXCEPTION_REGISTRATION,3,,TryLevel,_EH3_EXCEPTION_REGISTRATION.TryLevel,,,3d0644574f524400
san11pk_dump.exe.idb,_RTL_CRITICAL_SECTION,0,,DebugInfo,_RTL_CRITICAL_SECTION.DebugInfo,,,3d03234c00
san11pk_dump.exe.idb,_RTL_CRITICAL_SECTION,1,,LockCount,_RTL_CRITICAL_SECTION.LockCount,,,3d03235200
san11pk_dump.exe.idb,_RTL_CRITICAL_SECTION,2,,RecursionCount,_RTL_CRITICAL_SECTION.RecursionCount,,,3d03235200
san11pk_dump.exe.idb,_RTL_CRITICAL_SECTION,3,,OwningThread,_RTL_CRITICAL_SECTION.OwningThread,,,3d03235300
san11pk_dump.exe.idb,_RTL_CRITICAL_SECTION,4,,LockSemaphore,_RTL_CRITICAL_SECTION.LockSemaphore,,,3d03235300
san11pk_dump.exe.idb,_RTL_CRITICAL_SECTION,5,,SpinCount,_RTL_CRITICAL_SECTION.SpinCount,,,3d03235400
san11pk_dump.exe.idb,tagMSG,0,,hwnd,tagMSG.hwnd,,,3d03235600
san11pk_dump.exe.idb,tagMSG,1,,message,tagMSG.message,,,3d03235800
san11pk_dump.exe.idb,tagMSG,2,,wParam,tagMSG.wParam,,,3d03235900
san11pk_dump.exe.idb,tagMSG,3,,lParam,tagMSG.lParam,,,3d03235b00
san11pk_dump.exe.idb,tagMSG,4,,time,tagMSG.time,,,3d03235100
san11pk_dump.exe.idb,tagMSG,5,,pt,tagMSG.pt,,,3d03235d00
san11pk_dump.exe.idb,POINT,0,,x,POINT.x,,,3d03235200
san11pk_dump.exe.idb,POINT,1,,y,POINT.y,,,3d03235200
san11pk_dump.exe.idb,tagPOINT,0,,x,tagPOINT.x,,,3d03235200
san11pk_dump.exe.idb,tagPOINT,1,,y,tagPOINT.y,,,3d03235200
san11pk_dump.exe.idb,tagRECT,0,,left,tagRECT.left,,,3d03235200
san11pk_dump.exe.idb,tagRECT,1,,top,tagRECT.top,,,3d03235200
san11pk_dump.exe.idb,tagRECT,2,,right,tagRECT.right,,,3d03235200
san11pk_dump.exe.idb,tagRECT,3,,bottom,tagRECT.bottom,,,3d03235200
san11pk_dump.exe.idb,_SYSTEMTIME,0,,wYear,_SYSTEMTIME.wYear,,,3d03234e00
san11pk_dump.exe.idb,_SYSTEMTIME,1,,wMonth,_SYSTEMTIME.wMonth,,,3d03234e00
san11pk_dump.exe.idb,_SYSTEMTIME,2,,wDayOfWeek,_SYSTEMTIME.wDayOfWeek,,,3d03234e00
san11pk_dump.exe.idb,_SYSTEMTIME,3,,wDay,_SYSTEMTIME.wDay,,,3d03234e00
san11pk_dump.exe.idb,_SYSTEMTIME,4,,wHour,_SYSTEMTIME.wHour,,,3d03234e00
san11pk_dump.exe.idb,_SYSTEMTIME,5,,wMinute,_SYSTEMTIME.wMinute,,,3d03234e00
san11pk_dump.exe.idb,_SYSTEMTIME,6,,wSecond,_SYSTEMTIME.wSecond,,,3d03234e00
san11pk_dump.exe.idb,_SYSTEMTIME,7,,wMilliseconds,_SYSTEMTIME.wMilliseconds,,,3d03234e00
san11pk_dump.exe.idb,IID,0,,Data1,IID.Data1,,,2700
san11pk_dump.exe.idb,IID,1,,Data2,IID.Data2,,,2300
san11pk_dump.exe.idb,IID,2,,Data3,IID.Data3,,,2300
san11pk_dump.exe.idb,IID,3,,Data4,IID.Data4,,,1b092200
san11pk_dump.exe.idb,_SYSTEM_INFO,0,,anonymous_0,_SYSTEM_INFO.anonymous_0,,,1d0103236300
san11pk_dump.exe.idb,_SYSTEM_INFO,1,,dwPageSize,_SYSTEM_INFO.dwPageSize,,,3d03235100
san11pk_dump.exe.idb,_SYSTEM_INFO,2,,lpMinimumApplicationAddress,_SYSTEM_INFO.lpMinimumApplicationAddress,,,3d03236500
san11pk_dump.exe.idb,_SYSTEM_INFO,3,,lpMaximumApplicationAddress,_SYSTEM_INFO.lpMaximumApplicationAddress,,,3d03236500
san11pk_dump.exe.idb,_SYSTEM_INFO,4,,dwActiveProcessorMask,_SYSTEM_INFO.dwActiveProcessorMask,,,3d03236600
san11pk_dump.exe.idb,_SYSTEM_INFO,5,,dwNumberOfProcessors,_SYSTEM_INFO.dwNumberOfProcessors,,,3d03235100
san11pk_dump.exe.idb,_SYSTEM_INFO,6,,dwProcessorType,_SYSTEM_INFO.dwProcessorType,,,3d03235100
san11pk_dump.exe.idb,_SYSTEM_INFO,7,,dwAllocationGranularity,_SYSTEM_INFO.dwAllocationGranularity,,,3d03235100
san11pk_dump.exe.idb,_SYSTEM_INFO,8,,wProcessorLevel,_SYSTEM_INFO.wProcessorLevel,,,3d03234e00
san11pk_dump.exe.idb,_SYSTEM_INFO,9,,wProcessorRevision,_SYSTEM_INFO.wProcessorRevision,,,3d03234e00
san11pk_dump.exe.idb,_SYSTEM_INFO::$A707B71C060B6D10F73A71917EA8473F,0,,dwOemId,_SYSTEM_INFO::$A707B71C060B6D10F73A71917EA8473F.dwOemId,,,3d03235100
san11pk_dump.exe.idb,_SYSTEM_INFO::$A707B71C060B6D10F73A71917EA8473F,1,,anonymous_0,_SYSTEM_INFO::$A707B71C060B6D10F73A71917EA8473F.anonymous_0,,,0d0103236400
san11pk_dump.exe.idb,_SYSTEM_INFO::$A707B71C060B6D10F73A71917EA8473F::$AA04DEB0C6383F89F13D312A174572A9,0,,wProcessorArchitecture,_SYSTEM_INFO::$A707B71C060B6D10F73A71917EA8473F::$AA04DEB0C6383F89F13D312A174572A9.wProcessorArchitecture,,,3d03234e00
san11pk_dump.exe.idb,_SYSTEM_INFO::$A707B71C060B6D10F73A71917EA8473F::$AA04DEB0C6383F89F13D312A174572A9,1,,wReserved,_SYSTEM_INFO::$A707B71C060B6D10F73A71917EA8473F::$AA04DEB0C6383F89F13D312A174572A9.wReserved,,,3d03234e00
san11pk_dump.exe.idb,_OSVERSIONINFOA,0,,dwOSVersionInfoSize,_OSVERSIONINFOA.dwOSVersionInfoSize,,,3d03235100
san11pk_dump.exe.idb,_OSVERSIONINFOA,1,,dwMajorVersion,_OSVERSIONINFOA.dwMajorVersion,,,3d03235100
san11pk_dump.exe.idb,_OSVERSIONINFOA,2,,dwMinorVersion,_OSVERSIONINFOA.dwMinorVersion,,,3d03235100
san11pk_dump.exe.idb,_OSVERSIONINFOA,3,,dwBuildNumber,_OSVERSIONINFOA.dwBuildNumber,,,3d03235100
san11pk_dump.exe.idb,_OSVERSIONINFOA,4,,dwPlatformId,_OSVERSIONINFOA.dwPlatformId,,,3d03235100
san11pk_dump.exe.idb,_OSVERSIONINFOA,5,,szCSDVersion,_OSVERSIONINFOA.szCSDVersion,,,1b81013d03236800
san11pk_dump.exe.idb,WINDOWPLACEMENT,0,,length,WINDOWPLACEMENT.length,,,3d03235800
san11pk_dump.exe.idb,WINDOWPLACEMENT,1,,flags,WINDOWPLACEMENT.flags,,,3d03235800
san11pk_dump.exe.idb,WINDOWPLACEMENT,2,,showCmd,WINDOWPLACEMENT.showCmd,,,3d03235800
san11pk_dump.exe.idb,WINDOWPLACEMENT,3,,ptMinPosition,WINDOWPLACEMENT.ptMinPosition,,,3d03235d00
san11pk_dump.exe.idb,WINDOWPLACEMENT,4,,ptMaxPosition,WINDOWPLACEMENT.ptMaxPosition,,,3d03235d00
san11pk_dump.exe.idb,WINDOWPLACEMENT,5,,rcNormalPosition,WINDOWPLACEMENT.rcNormalPosition,,,3d03236b00
san11pk_dump.exe.idb,RECT,0,,left,RECT.left,,,3d03235200
san11pk_dump.exe.idb,RECT,1,,top,RECT.top,,,3d03235200
san11pk_dump.exe.idb,RECT,2,,right,RECT.right,,,3d03235200
san11pk_dump.exe.idb,RECT,3,,bottom,RECT.bottom,,,3d03235200
san11pk_dump.exe.idb,_FILETIME,0,,dwLowDateTime,_FILETIME.dwLowDateTime,,,3d03235100
san11pk_dump.exe.idb,_FILETIME,1,,dwHighDateTime,_FILETIME.dwHighDateTime,,,3d03235100
san11pk_dump.exe.idb,_cpinfo,0,,MaxCharSize,_cpinfo.MaxCharSize,,,3d03235800
san11pk_dump.exe.idb,_cpinfo,1,,DefaultChar,_cpinfo.DefaultChar,,,1b033d03236e00
san11pk_dump.exe.idb,_cpinfo,2,,LeadByte,_cpinfo.LeadByte,,,1b0d3d03236e00
san11pk_dump.exe.idb,_MEMORY_BASIC_INFORMATION,0,,BaseAddress,_MEMORY_BASIC_INFORMATION.BaseAddress,,,3d03237000
san11pk_dump.exe.idb,_MEMORY_BASIC_INFORMATION,1,,AllocationBase,_MEMORY_BASIC_INFORMATION.AllocationBase,,,3d03237000
san11pk_dump.exe.idb,_MEMORY_BASIC_INFORMATION,2,,AllocationProtect,_MEMORY_BASIC_INFORMATION.AllocationProtect,,,3d03235100
san11pk_dump.exe.idb,_MEMORY_BASIC_INFORMATION,3,,RegionSize,_MEMORY_BASIC_INFORMATION.RegionSize,,,3d03237100
san11pk_dump.exe.idb,_MEMORY_BASIC_INFORMATION,4,,State,_MEMORY_BASIC_INFORMATION.State,,,3d03235100
san11pk_dump.exe.idb,_MEMORY_BASIC_INFORMATION,5,,Protect,_MEMORY_BASIC_INFORMATION.Protect,,,3d03235100
san11pk_dump.exe.idb,_MEMORY_BASIC_INFORMATION,6,,Type,_MEMORY_BASIC_INFORMATION.Type,,,3d03235100
san11pk_dump.exe.idb,_STARTUPINFOA,0,,cb,_STARTUPINFOA.cb,,,3d03235100
san11pk_dump.exe.idb,_STARTUPINFOA,1,,lpReserved,_STARTUPINFOA.lpReserved,,,3d03237300
san11pk_dump.exe.idb,_STARTUPINFOA,2,,lpDesktop,_STARTUPINFOA.lpDesktop,,,3d03237300
san11pk_dump.exe.idb,_STARTUPINFOA,3,,lpTitle,_STARTUPINFOA.lpTitle,,,3d03237300
san11pk_dump.exe.idb,_STARTUPINFOA,4,,dwX,_STARTUPINFOA.dwX,,,3d03235100
san11pk_dump.exe.idb,_STARTUPINFOA,5,,dwY,_STARTUPINFOA.dwY,,,3d03235100
san11pk_dump.exe.idb,_STARTUPINFOA,6,,dwXSize,_STARTUPINFOA.dwXSize,,,3d03235100
san11pk_dump.exe.idb,_STARTUPINFOA,7,,dwYSize,_STARTUPINFOA.dwYSize,,,3d03235100
san11pk_dump.exe.idb,_STARTUPINFOA,8,,dwXCountChars,_STARTUPINFOA.dwXCountChars,,,3d03235100
san11pk_dump.exe.idb,_STARTUPINFOA,9,,dwYCountChars,_STARTUPINFOA.dwYCountChars,,,3d03235100
san11pk_dump.exe.idb,_STARTUPINFOA,10,,dwFillAttribute,_STARTUPINFOA.dwFillAttribute,,,3d03235100
san11pk_dump.exe.idb,_STARTUPINFOA,11,,dwFlags,_STARTUPINFOA.dwFlags,,,3d03235100
san11pk_dump.exe.idb,_STARTUPINFOA,12,,wShowWindow,_STARTUPINFOA.wShowWindow,,,3d03234e00
san11pk_dump.exe.idb,_STARTUPINFOA,13,,cbReserved2,_STARTUPINFOA.cbReserved2,,,3d03234e00
san11pk_dump.exe.idb,_STARTUPINFOA,14,,lpReserved2,_STARTUPINFOA.lpReserved2,,,3d03237400
san11pk_dump.exe.idb,_STARTUPINFOA,15,,hStdInput,_STARTUPINFOA.hStdInput,,,3d03235300
san11pk_dump.exe.idb,_STARTUPINFOA,16,,hStdOutput,_STARTUPINFOA.hStdOutput,,,3d03235300
san11pk_dump.exe.idb,_STARTUPINFOA,17,,hStdError,_STARTUPINFOA.hStdError,,,3d03235300
san11pk_dump.exe.idb,_TIME_ZONE_INFORMATION,0,,Bias,_TIME_ZONE_INFORMATION.Bias,,,3d03235200
san11pk_dump.exe.idb,_TIME_ZONE_INFORMATION,1,,StandardName,_TIME_ZONE_INFORMATION.StandardName,,,1b213d03237600
san11pk_dump.exe.idb,_TIME_ZONE_INFORMATION,2,,StandardDate,_TIME_ZONE_INFORMATION.StandardDate,,,3d03237800
san11pk_dump.exe.idb,_TIME_ZONE_INFORMATION,3,,StandardBias,_TIME_ZONE_INFORMATION.StandardBias,,,3d03235200
san11pk_dump.exe.idb,_TIME_ZONE_INFORMATION,4,,DaylightName,_TIME_ZONE_INFORMATION.DaylightName,,,1b213d03237600
san11pk_dump.exe.idb,_TIME_ZONE_INFORMATION,5,,DaylightDate,_TIME_ZONE_INFORMATION.DaylightDate,,,3d03237800
san11pk_dump.exe.idb,_TIME_ZONE_INFORMATION,6,,DaylightBias,_TIME_ZONE_INFORMATION.DaylightBias,,,3d03235200
san11pk_dump.exe.idb,SYSTEMTIME,0,,wYear,SYSTEMTIME.wYear,,,3d03234e00
san11pk_dump.exe.idb,SYSTEMTIME,1,,wMonth,SYSTEMTIME.wMonth,,,3d03234e00
san11pk_dump.exe.idb,SYSTEMTIME,2,,wDayOfWeek,SYSTEMTIME.wDayOfWeek,,,3d03234e00
san11pk_dump.exe.idb,SYSTEMTIME,3,,wDay,SYSTEMTIME.wDay,,,3d03234e00
san11pk_dump.exe.idb,SYSTEMTIME,4,,wHour,SYSTEMTIME.wHour,,,3d03234e00
san11pk_dump.exe.idb,SYSTEMTIME,5,,wMinute,SYSTEMTIME.wMinute,,,3d03234e00
san11pk_dump.exe.idb,SYSTEMTIME,6,,wSecond,SYSTEMTIME.wSecond,,,3d03234e00
san11pk_dump.exe.idb,SYSTEMTIME,7,,wMilliseconds,SYSTEMTIME.wMilliseconds,,,3d03234e00
san11pk_dump.exe.idb,_SECURITY_ATTRIBUTES,0,,nLength,_SECURITY_ATTRIBUTES.nLength,,,3d03235100
san11pk_dump.exe.idb,_SECURITY_ATTRIBUTES,1,,lpSecurityDescriptor,_SECURITY_ATTRIBUTES.lpSecurityDescriptor,,,3d03236500
san11pk_dump.exe.idb,_SECURITY_ATTRIBUTES,2,,bInheritHandle,_SECURITY_ATTRIBUTES.bInheritHandle,,,3d03237a00
san11pk_dump.exe.idb,tagWNDCLASSA,0,,style,tagWNDCLASSA.style,,,3d03235800
san11pk_dump.exe.idb,tagWNDCLASSA,1,,lpfnWndProc,tagWNDCLASSA.lpfnWndProc,,,3d03237c00
san11pk_dump.exe.idb,tagWNDCLASSA,2,,cbClsExtra,tagWNDCLASSA.cbClsExtra,,,0700
san11pk_dump.exe.idb,tagWNDCLASSA,3,,cbWndExtra,tagWNDCLASSA.cbWndExtra,,,0700
san11pk_dump.exe.idb,tagWNDCLASSA,4,,hInstance,tagWNDCLASSA.hInstance,,,3d03237e00
san11pk_dump.exe.idb,tagWNDCLASSA,5,,hIcon,tagWNDCLASSA.hIcon,,,3d0423814000
san11pk_dump.exe.idb,tagWNDCLASSA,6,,hCursor,tagWNDCLASSA.hCursor,,,3d0423814200
san11pk_dump.exe.idb,tagWNDCLASSA,7,,hbrBackground,tagWNDCLASSA.hbrBackground,,,3d0423814300
san11pk_dump.exe.idb,tagWNDCLASSA,8,,lpszMenuName,tagWNDCLASSA.lpszMenuName,,,3d0423814500
san11pk_dump.exe.idb,tagWNDCLASSA,9,,lpszClassName,tagWNDCLASSA.lpszClassName,,,3d0423814500
san11pk_dump.exe.idb,tagWNDCLASSEXA,0,,cbSize,tagWNDCLASSEXA.cbSize,,,3d03235800
san11pk_dump.exe.idb,tagWNDCLASSEXA,1,,style,tagWNDCLASSEXA.style,,,3d03235800
san11pk_dump.exe.idb,tagWNDCLASSEXA,2,,lpfnWndProc,tagWNDCLASSEXA.lpfnWndProc,,,3d03237c00
san11pk_dump.exe.idb,tagWNDCLASSEXA,3,,cbClsExtra,tagWNDCLASSEXA.cbClsExtra,,,0700
san11pk_dump.exe.idb,tagWNDCLASSEXA,4,,cbWndExtra,tagWNDCLASSEXA.cbWndExtra,,,0700
san11pk_dump.exe.idb,tagWNDCLASSEXA,5,,hInstance,tagWNDCLASSEXA.hInstance,,,3d03237e00
san11pk_dump.exe.idb,tagWNDCLASSEXA,6,,hIcon,tagWNDCLASSEXA.hIcon,,,3d0423814000
san11pk_dump.exe.idb,tagWNDCLASSEXA,7,,hCursor,tagWNDCLASSEXA.hCursor,,,3d0423814200
san11pk_dump.exe.idb,tagWNDCLASSEXA,8,,hbrBackground,tagWNDCLASSEXA.hbrBackground,,,3d0423814300
san11pk_dump.exe.idb,tagWNDCLASSEXA,9,,lpszMenuName,tagWNDCLASSEXA.lpszMenuName,,,3d0423814500
san11pk_dump.exe.idb,tagWNDCLASSEXA,10,,lpszClassName,tagWNDCLASSEXA.lpszClassName,,,3d0423814500
san11pk_dump.exe.idb,tagWNDCLASSEXA,11,,hIconSm,tagWNDCLASSEXA.hIconSm,,,3d0423814000
san11pk_dump.exe.idb,_WIN32_FIND_DATAA,0,,dwFileAttributes,_WIN32_FIND_DATAA.dwFileAttributes,,,3d03235100
san11pk_dump.exe.idb,_WIN32_FIND_DATAA,1,,ftCreationTime,_WIN32_FIND_DATAA.ftCreationTime,,,3d0423814800
san11pk_dump.exe.idb,_WIN32_FIND_DATAA,2,,ftLastAccessTime,_WIN32_FIND_DATAA.ftLastAccessTime,,,3d0423814800
san11pk_dump.exe.idb,_WIN32_FIND_DATAA,3,,ftLastWriteTime,_WIN32_FIND_DATAA.ftLastWriteTime,,,3d0423814800
san11pk_dump.exe.idb,_WIN32_FIND_DATAA,4,,nFileSizeHigh,_WIN32_FIND_DATAA.nFileSizeHigh,,,3d03235100
san11pk_dump.exe.idb,_WIN32_FIND_DATAA,5,,nFileSizeLow,_WIN32_FIND_DATAA.nFileSizeLow,,,3d03235100
san11pk_dump.exe.idb,_WIN32_FIND_DATAA,6,,dwReserved0,_WIN32_FIND_DATAA.dwReserved0,,,3d03235100
san11pk_dump.exe.idb,_WIN32_FIND_DATAA,7,,dwReserved1,_WIN32_FIND_DATAA.dwReserved1,,,3d03235100
san11pk_dump.exe.idb,_WIN32_FIND_DATAA,8,,cFileName,_WIN32_FIND_DATAA.cFileName,,,1b85023d03236800
san11pk_dump.exe.idb,_WIN32_FIND_DATAA,9,,cAlternateFileName,_WIN32_FIND_DATAA.cAlternateFileName,,,1b0f3d03236800
san11pk_dump.exe.idb,FILETIME,0,,dwLowDateTime,FILETIME.dwLowDateTime,,,3d03235100
san11pk_dump.exe.idb,FILETIME,1,,dwHighDateTime,FILETIME.dwHighDateTime,,,3d03235100
san11pk_dump.exe.idb,FuncInfoV1,0,,magicNumber,FuncInfoV1.magicNumber,,,
san11pk_dump.exe.idb,FuncInfoV1,1,,maxState,FuncInfoV1.maxState,,,
san11pk_dump.exe.idb,FuncInfoV1,2,,pUnwindMap,FuncInfoV1.pUnwindMap,,,
san11pk_dump.exe.idb,FuncInfoV1,3,,nTryBlocks,FuncInfoV1.nTryBlocks,,,
san11pk_dump.exe.idb,FuncInfoV1,4,,pTryBlockMap,FuncInfoV1.pTryBlockMap,,,
san11pk_dump.exe.idb,FuncInfoV1,5,,nIPMapEntries,FuncInfoV1.nIPMapEntries,,,
san11pk_dump.exe.idb,FuncInfoV1,6,,pIPtoStateMap,FuncInfoV1.pIPtoStateMap,,,
san11pk_dump.exe.idb,UnwindMapEntry,0,,toState,UnwindMapEntry.toState,,,
san11pk_dump.exe.idb,UnwindMapEntry,1,,action,UnwindMapEntry.action,,,
san11pk_dump.exe.idb,TryBlockMapEntry,0,,tryLow,TryBlockMapEntry.tryLow,,,
san11pk_dump.exe.idb,TryBlockMapEntry,1,,tryHigh,TryBlockMapEntry.tryHigh,,,
san11pk_dump.exe.idb,TryBlockMapEntry,2,,catchHigh,TryBlockMapEntry.catchHigh,,,
san11pk_dump.exe.idb,TryBlockMapEntry,3,,nCatches,TryBlockMapEntry.nCatches,,,
san11pk_dump.exe.idb,TryBlockMapEntry,4,,pHandlerArray,TryBlockMapEntry.pHandlerArray,,,
san11pk_dump.exe.idb,HandlerType,0,,adjectives,HandlerType.adjectives,,,
san11pk_dump.exe.idb,HandlerType,1,,pType,HandlerType.pType,,,
san11pk_dump.exe.idb,HandlerType,2,,dispCatchObj,HandlerType.dispCatchObj,,,
san11pk_dump.exe.idb,HandlerType,3,,addressOfHandler,HandlerType.addressOfHandler,,,
san11pk_dump.exe.idb,_ThrowInfo,0,,attributes,_ThrowInfo.attributes,,,2700
san11pk_dump.exe.idb,_ThrowInfo,1,,pmfnUnwind,_ThrowInfo.pmfnUnwind,,,3d0423815000
san11pk_dump.exe.idb,_ThrowInfo,2,,pForwardCompat,_ThrowInfo.pForwardCompat,,,0a0c33070100
san11pk_dump.exe.idb,_ThrowInfo,3,,pCatchableTypeArray,_ThrowInfo.pCatchableTypeArray,,,0a3d0423815100
san11pk_dump.exe.idb,TypeDescriptor,0,,pVFTable,TypeDescriptor.pVFTable,,,
san11pk_dump.exe.idb,TypeDescriptor,1,,spare,TypeDescriptor.spare,,,
san11pk_dump.exe.idb,TypeDescriptor,2,,name,TypeDescriptor.name,,,
san11pk_dump.exe.idb,tm,0,,tm_sec,tm.tm_sec,,,0700
san11pk_dump.exe.idb,tm,1,,tm_min,tm.tm_min,,,0700
san11pk_dump.exe.idb,tm,2,,tm_hour,tm.tm_hour,,,0700
san11pk_dump.exe.idb,tm,3,,tm_mday,tm.tm_mday,,,0700
san11pk_dump.exe.idb,tm,4,,tm_mon,tm.tm_mon,,,0700
san11pk_dump.exe.idb,tm,5,,tm_year,tm.tm_year,,,0700
san11pk_dump.exe.idb,tm,6,,tm_wday,tm.tm_wday,,,0700
san11pk_dump.exe.idb,tm,7,,tm_yday,tm.tm_yday,,,0700
san11pk_dump.exe.idb,tm,8,,tm_isdst,tm.tm_isdst,,,0700
san11pk_dump.exe.idb,LARGE_INTEGER,0,,anonymous_0,LARGE_INTEGER.anonymous_0,,,0d010423815a00
san11pk_dump.exe.idb,LARGE_INTEGER,1,,u,LARGE_INTEGER.u,,,0d010423815a00
san11pk_dump.exe.idb,LARGE_INTEGER,2,,QuadPart,LARGE_INTEGER.QuadPart,,,3d0423815b00
san11pk_dump.exe.idb,_LARGE_INTEGER::$837407842DC9087486FDFA5FEB63B74E,0,,LowPart,_LARGE_INTEGER::$837407842DC9087486FDFA5FEB63B74E.LowPart,,,3d03235100
san11pk_dump.exe.idb,_LARGE_INTEGER::$837407842DC9087486FDFA5FEB63B74E,1,,HighPart,_LARGE_INTEGER::$837407842DC9087486FDFA5FEB63B74E.HighPart,,,3d03235200
san11pk_dump.exe.idb,FILE,0,,_ptr,FILE._ptr,,,0a3200
san11pk_dump.exe.idb,FILE,1,,_cnt,FILE._cnt,,,0700
san11pk_dump.exe.idb,FILE,2,,_base,FILE._base,,,0a3200
san11pk_dump.exe.idb,FILE,3,,_flag,FILE._flag,,,0700
san11pk_dump.exe.idb,FILE,4,,_file,FILE._file,,,0700
san11pk_dump.exe.idb,FILE,5,,_charbuf,FILE._charbuf,,,0700
san11pk_dump.exe.idb,FILE,6,,_bufsiz,FILE._bufsiz,,,0700
san11pk_dump.exe.idb,FILE,7,,_tmpfname,FILE._tmpfname,,,0a3200
san11pk_dump.exe.idb,_Ctypevec,0,,_Page,_Ctypevec._Page,,,2700
san11pk_dump.exe.idb,_Ctypevec,1,,_Table,_Ctypevec._Table,,,0a4300
san11pk_dump.exe.idb,_Ctypevec,2,,_Delfl,_Ctypevec._Delfl,,,0700
san11pk_dump.exe.idb,_Ctypevec,3,,_LocaleName,_Ctypevec._LocaleName,,,0a3d03237700
san11pk_dump.exe.idb,tagMONITORINFO,0,,cbSize,tagMONITORINFO.cbSize,,,3d03235100
san11pk_dump.exe.idb,tagMONITORINFO,1,,rcMonitor,tagMONITORINFO.rcMonitor,,,3d03236b00
san11pk_dump.exe.idb,tagMONITORINFO,2,,rcWork,tagMONITORINFO.rcWork,,,3d03236b00
san11pk_dump.exe.idb,tagMONITORINFO,3,,dwFlags,tagMONITORINFO.dwFlags,,,3d03235100
san11pk_dump.exe.idb,VARIANTARG,0,,anonymous_0,VARIANTARG.anonymous_0,,,1d010423816300
san11pk_dump.exe.idb,tagVARIANT::$E93DC971A089CC95F6C875332324C1E7,0,,anonymous_0,tagVARIANT::$E93DC971A089CC95F6C875332324C1E7.anonymous_0,,,0d010423816400
san11pk_dump.exe.idb,tagVARIANT::$E93DC971A089CC95F6C875332324C1E7,1,,decVal,tagVARIANT::$E93DC971A089CC95F6C875332324C1E7.decVal,,,3d0423827400
san11pk_dump.exe.idb,tagVARIANT::$E93DC971A089CC95F6C875332324C1E7::$65D68C826D16CA47CF95571D7BFCD657,0,,vt,tagVARIANT::$E93DC971A089CC95F6C875332324C1E7::$65D68C826D16CA47CF95571D7BFCD657.vt,,,3d0423816500
san11pk_dump.exe.idb,tagVARIANT::$E93DC971A089CC95F6C875332324C1E7::$65D68C826D16CA47CF95571D7BFCD657,1,,wReserved1,tagVARIANT::$E93DC971A089CC95F6C875332324C1E7::$65D68C826D16CA47CF95571D7BFCD657.wReserved1,,,3d03234e00
san11pk_dump.exe.idb,tagVARIANT::$E93DC971A089CC95F6C875332324C1E7::$65D68C826D16CA47CF95571D7BFCD657,2,,wReserved2,tagVARIANT::$E93DC971A089CC95F6C875332324C1E7::$65D68C826D16CA47CF95571D7BFCD657.wReserved2,,,3d03234e00
san11pk_dump.exe.idb,tagVARIANT::$E93DC971A089CC95F6C875332324C1E7::$65D68C826D16CA47CF95571D7BFCD657,3,,wReserved3,tagVARIANT::$E93DC971A089CC95F6C875332324C1E7::$65D68C826D16CA47CF95571D7BFCD657.wReserved3,,,3d03234e00
san11pk_dump.exe.idb,tagVARIANT::$E93DC971A089CC95F6C875332324C1E7::$65D68C826D16CA47CF95571D7BFCD657,4,,anonymous_0,tagVARIANT::$E93DC971A089CC95F6C875332324C1E7::$65D68C826D16CA47CF95571D7BFCD657.anonymous_0,,,1d010423816600
san11pk_dump.exe.idb,tagVARIANT::$::$65D68C826D16CA47CF95571D7BFCD657::$E09503A454170B491AC1C4312CE36FE6,0,,llVal,tagVARIANT::$::$65D68C826D16CA47CF95571D7BFCD657::$E09503A454170B491AC1C4312CE36FE6.llVal,,,3d0423815b00
san11pk_dump.exe.idb,tagVARIANT::$::$65D68C826D16CA47CF95571D7BFCD657::$E09503A454170B491AC1C4312CE36FE6,1,,lVal,tagVARIANT::$::$65D68C826D16CA47CF95571D7BFCD657::$E09503A454170B491AC1C4312CE36FE6.lVal,,,3d03235200
san11pk_dump.exe.idb,tagVARIANT::$::$65D68C826D16CA47CF95571D7BFCD657::$E09503A454170B491AC1C4312CE36FE6,2,,bVal,tagVARIANT::$::$65D68C826D16CA47CF95571D7BFCD657::$E09503A454170B491AC1C4312CE36FE6.bVal,,,3d03236e00
san11pk_dump.exe.idb,tagVARIANT::$::$65D68C826D16CA47CF95571D7BFCD657::$E09503A454170B491AC1C4312CE36FE6,3,,iVal,tagVARIANT::$::$65D68C826D16CA47CF95571D7BFCD657::$E09503A454170B491AC1C4312CE36FE6.iVal,,,3d0423816700
san11pk_dump.exe.idb,tagVARIANT::$::$65D68C826D16CA47CF95571D7BFCD657::$E09503A454170B491AC1C4312CE36FE6,4,,fltVal,tagVARIANT::$::$65D68C826D16CA47CF95571D7BFCD657::$E09503A454170B491AC1C4312CE36FE6.fltVal,,,3d0423816800
san11pk_dump.exe.idb,tagVARIANT::$::$65D68C826D16CA47CF95571D7BFCD657::$E09503A454170B491AC1C4312CE36FE6,5,,dblVal,tagVARIANT::$::$65D68C826D16CA47CF95571D7BFCD657::$E09503A454170B491AC1C4312CE36FE6.dblVal,,,3d0423816900
san11pk_dump.exe.idb,tagVARIANT::$::$65D68C826D16CA47CF95571D7BFCD657::$E09503A454170B491AC1C4312CE36FE6,6,,boolVal,tagVARIANT::$::$65D68C826D16CA47CF95571D7BFCD657::$E09503A454170B491AC1C4312CE36FE6.boolVal,,,3d0423816a00
san11pk_dump.exe.idb,tagVARIANT::$::$65D68C826D16CA47CF95571D7BFCD657::$E09503A454170B491AC1C4312CE36FE6,7,,scode,tagVARIANT::$::$65D68C826D16CA47CF95571D7BFCD657::$E09503A454170B491AC1C4312CE36FE6.scode,,,3d0423816b00
san11pk_dump.exe.idb,tagVARIANT::$::$65D68C826D16CA47CF95571D7BFCD657::$E09503A454170B491AC1C4312CE36FE6,8,,cyVal,tagVARIANT::$::$65D68C826D16CA47CF95571D7BFCD657::$E09503A454170B491AC1C4312CE36FE6.cyVal,,,3d0423816c00
san11pk_dump.exe.idb,tagVARIANT::$::$65D68C826D16CA47CF95571D7BFCD657::$E09503A454170B491AC1C4312CE36FE6,9,,date,tagVARIANT::$::$65D68C826D16CA47CF95571D7BFCD657::$E09503A454170B491AC1C4312CE36FE6.date,,,3d0423817000
san11pk_dump.exe.idb,tagVARIANT::$::$65D68C826D16CA47CF95571D7BFCD657::$E09503A454170B491AC1C4312CE36FE6,10,,bstrVal,tagVARIANT::$::$65D68C826D16CA47CF95571D7BFCD657::$E09503A454170B491AC1C4312CE36FE6.bstrVal,,,3d0423817100
san11pk_dump.exe.idb,tagVARIANT::$::$65D68C826D16CA47CF95571D7BFCD657::$E09503A454170B491AC1C4312CE36FE6,11,,punkVal,tagVARIANT::$::$65D68C826D16CA47CF95571D7BFCD657::$E09503A454170B491AC1C4312CE36FE6.punkVal,,,0a3d0423817300
san11pk_dump.exe.idb,tagVARIANT::$::$65D68C826D16CA47CF95571D7BFCD657::$E09503A454170B491AC1C4312CE36FE6,12,,pdispVal,tagVARIANT::$::$65D68C826D16CA47CF95571D7BFCD657::$E09503A454170B491AC1C4312CE36FE6.pdispVal,,,0a3d0423817600
san11pk_dump.exe.idb,tagVARIANT::$::$65D68C826D16CA47CF95571D7BFCD657::$E09503A454170B491AC1C4312CE36FE6,13,,parray,tagVARIANT::$::$65D68C826D16CA47CF95571D7BFCD657::$E09503A454170B491AC1C4312CE36FE6.parray,,,0a3d0423827100
san11pk_dump.exe.idb,tagVARIANT::$::$65D68C826D16CA47CF95571D7BFCD657::$E09503A454170B491AC1C4312CE36FE6,14,,pbVal,tagVARIANT::$::$65D68C826D16CA47CF95571D7BFCD657::$E09503A454170B491AC1C4312CE36FE6.pbVal,,,0a3d03236e00
san11pk_dump.exe.idb,tagVARIANT::$::$65D68C826D16CA47CF95571D7BFCD657::$E09503A454170B491AC1C4312CE36FE6,15,,piVal,tagVARIANT::$::$65D68C826D16CA47CF95571D7BFCD657::$E09503A454170B491AC1C4312CE36FE6.piVal,,,0a3d0423816700
san11pk_dump.exe.idb,tagVARIANT::$::$65D68C826D16CA47CF95571D7BFCD657::$E09503A454170B491AC1C4312CE36FE6,16,,plVal,tagVARIANT::$::$65D68C826D16CA47CF95571D7BFCD657::$E09503A454170B491AC1C4312CE36FE6.plVal,,,0a3d03235200
san11pk_dump.exe.idb,tagVARIANT::$::$65D68C826D16CA47CF95571D7BFCD657::$E09503A454170B491AC1C4312CE36FE6,17,,pllVal,tagVARIANT::$::$65D68C826D16CA47CF95571D7BFCD657::$E09503A454170B491AC1C4312CE36FE6.pllVal,,,0a3d0423815b00
san11pk_dump.exe.idb,tagVARIANT::$::$65D68C826D16CA47CF95571D7BFCD657::$E09503A454170B491AC1C4312CE36FE6,18,,pfltVal,tagVARIANT::$::$65D68C826D16CA47CF95571D7BFCD657::$E09503A454170B491AC1C4312CE36FE6.pfltVal,,,0a3d0423816800
san11pk_dump.exe.idb,tagVARIANT::$::$65D68C826D16CA47CF95571D7BFCD657::$E09503A454170B491AC1C4312CE36FE6,19,,pdblVal,tagVARIANT::$::$65D68C826D16CA47CF95571D7BFCD657::$E09503A454170B491AC1C4312CE36FE6.pdblVal,,,0a3d0423816900
san11pk_dump.exe.idb,tagVARIANT::$::$65D68C826D16CA47CF95571D7BFCD657::$E09503A454170B491AC1C4312CE36FE6,20,,pboolVal,tagVARIANT::$::$65D68C826D16CA47CF95571D7BFCD657::$E09503A454170B491AC1C4312CE36FE6.pboolVal,,,0a3d0423816a00
san11pk_dump.exe.idb,tagVARIANT::$::$65D68C826D16CA47CF95571D7BFCD657::$E09503A454170B491AC1C4312CE36FE6,21,,pscode,tagVARIANT::$::$65D68C826D16CA47CF95571D7BFCD657::$E09503A454170B491AC1C4312CE36FE6.pscode,,,0a3d0423816b00
san11pk_dump.exe.idb,tagVARIANT::$::$65D68C826D16CA47CF95571D7BFCD657::$E09503A454170B491AC1C4312CE36FE6,22,,pcyVal,tagVARIANT::$::$65D68C826D16CA47CF95571D7BFCD657::$E09503A454170B491AC1C4312CE36FE6.pcyVal,,,0a3d0423816c00
san11pk_dump.exe.idb,tagVARIANT::$::$65D68C826D16CA47CF95571D7BFCD657::$E09503A454170B491AC1C4312CE36FE6,23,,pdate,tagVARIANT::$::$65D68C826D16CA47CF95571D7BFCD657::$E09503A454170B491AC1C4312CE36FE6.pdate,,,0a3d0423817000
san11pk_dump.exe.idb,tagVARIANT::$::$65D68C826D16CA47CF95571D7BFCD657::$E09503A454170B491AC1C4312CE36FE6,24,,pbstrVal,tagVARIANT::$::$65D68C826D16CA47CF95571D7BFCD657::$E09503A454170B491AC1C4312CE36FE6.pbstrVal,,,0a3d0423817100
san11pk_dump.exe.idb,tagVARIANT::$::$65D68C826D16CA47CF95571D7BFCD657::$E09503A454170B491AC1C4312CE36FE6,25,,ppunkVal,tagVARIANT::$::$65D68C826D16CA47CF95571D7BFCD657::$E09503A454170B491AC1C4312CE36FE6.ppunkVal,,,0a0a3d0423817300
san11pk_dump.exe.idb,tagVARIANT::$::$65D68C826D16CA47CF95571D7BFCD657::$E09503A454170B491AC1C4312CE36FE6,26,,ppdispVal,tagVARIANT::$::$65D68C826D16CA47CF95571D7BFCD657::$E09503A454170B491AC1C4312CE36FE6.ppdispVal,,,0a0a3d0423817600
san11pk_dump.exe.idb,tagVARIANT::$::$65D68C826D16CA47CF95571D7BFCD657::$E09503A454170B491AC1C4312CE36FE6,27,,pparray,tagVARIANT::$::$65D68C826D16CA47CF95571D7BFCD657::$E09503A454170B491AC1C4312CE36FE6.pparray,,,0a0a3d0423827100
san11pk_dump.exe.idb,tagVARIANT::$::$65D68C826D16CA47CF95571D7BFCD657::$E09503A454170B491AC1C4312CE36FE6,28,,pvarVal,tagVARIANT::$::$65D68C826D16CA47CF95571D7BFCD657::$E09503A454170B491AC1C4312CE36FE6.pvarVal,,,0a3d0423816100
san11pk_dump.exe.idb,tagVARIANT::$::$65D68C826D16CA47CF95571D7BFCD657::$E09503A454170B491AC1C4312CE36FE6,29,,byref,tagVARIANT::$::$65D68C826D16CA47CF95571D7BFCD657::$E09503A454170B491AC1C4312CE36FE6.byref,,,3d03237000
san11pk_dump.exe.idb,tagVARIANT::$::$65D68C826D16CA47CF95571D7BFCD657::$E09503A454170B491AC1C4312CE36FE6,30,,cVal,tagVARIANT::$::$65D68C826D16CA47CF95571D7BFCD657::$E09503A454170B491AC1C4312CE36FE6.cVal,,,3d03236800
san11pk_dump.exe.idb,tagVARIANT::$::$65D68C826D16CA47CF95571D7BFCD657::$E09503A454170B491AC1C4312CE36FE6,31,,uiVal,tagVARIANT::$::$65D68C826D16CA47CF95571D7BFCD657::$E09503A454170B491AC1C4312CE36FE6.uiVal,,,3d0423824600
san11pk_dump.exe.idb,tagVARIANT::$::$65D68C826D16CA47CF95571D7BFCD657::$E09503A454170B491AC1C4312CE36FE6,32,,ulVal,tagVARIANT::$::$65D68C826D16CA47CF95571D7BFCD657::$E09503A454170B491AC1C4312CE36FE6.ulVal,,,3d0423816f00
san11pk_dump.exe.idb,tagVARIANT::$::$65D68C826D16CA47CF95571D7BFCD657::$E09503A454170B491AC1C4312CE36FE6,33,,ullVal,tagVARIANT::$::$65D68C826D16CA47CF95571D7BFCD657::$E09503A454170B491AC1C4312CE36FE6.ullVal,,,3d0423827300
san11pk_dump.exe.idb,tagVARIANT::$::$65D68C826D16CA47CF95571D7BFCD657::$E09503A454170B491AC1C4312CE36FE6,34,,intVal,tagVARIANT::$::$65D68C826D16CA47CF95571D7BFCD657::$E09503A454170B491AC1C4312CE36FE6.intVal,,,3d0423826600
san11pk_dump.exe.idb,tagVARIANT::$::$65D68C826D16CA47CF95571D7BFCD657::$E09503A454170B491AC1C4312CE36FE6,35,,uintVal,tagVARIANT::$::$65D68C826D16CA47CF95571D7BFCD657::$E09503A454170B491AC1C4312CE36FE6.uintVal,,,3d03235800
san11pk_dump.exe.idb,tagVARIANT::$::$65D68C826D16CA47CF95571D7BFCD657::$E09503A454170B491AC1C4312CE36FE6,36,,pdecVal,tagVARIANT::$::$65D68C826D16CA47CF95571D7BFCD657::$E09503A454170B491AC1C4312CE36FE6.pdecVal,,,0a3d0423827400
san11pk_dump.exe.idb,tagVARIANT::$::$65D68C826D16CA47CF95571D7BFCD657::$E09503A454170B491AC1C4312CE36FE6,37,,pcVal,tagVARIANT::$::$65D68C826D16CA47CF95571D7BFCD657::$E09503A454170B491AC1C4312CE36FE6.pcVal,,,0a3d03236800
san11pk_dump.exe.idb,tagVARIANT::$::$65D68C826D16CA47CF95571D7BFCD657::$E09503A454170B491AC1C4312CE36FE6,38,,puiVal,tagVARIANT::$::$65D68C826D16CA47CF95571D7BFCD657::$E09503A454170B491AC1C4312CE36FE6.puiVal,,,0a3d0423824600
san11pk_dump.exe.idb,tagVARIANT::$::$65D68C826D16CA47CF95571D7BFCD657::$E09503A454170B491AC1C4312CE36FE6,39,,pulVal,tagVARIANT::$::$65D68C826D16CA47CF95571D7BFCD657::$E09503A454170B491AC1C4312CE36FE6.pulVal,,,0a3d0423816f00
san11pk_dump.exe.idb,tagVARIANT::$::$65D68C826D16CA47CF95571D7BFCD657::$E09503A454170B491AC1C4312CE36FE6,40,,pullVal,tagVARIANT::$::$65D68C826D16CA47CF95571D7BFCD657::$E09503A454170B491AC1C4312CE36FE6.pullVal,,,0a3d0423827300
san11pk_dump.exe.idb,tagVARIANT::$::$65D68C826D16CA47CF95571D7BFCD657::$E09503A454170B491AC1C4312CE36FE6,41,,pintVal,tagVARIANT::$::$65D68C826D16CA47CF95571D7BFCD657::$E09503A454170B491AC1C4312CE36FE6.pintVal,,,0a3d0423826600
san11pk_dump.exe.idb,tagVARIANT::$::$65D68C826D16CA47CF95571D7BFCD657::$E09503A454170B491AC1C4312CE36FE6,42,,puintVal,tagVARIANT::$::$65D68C826D16CA47CF95571D7BFCD657::$E09503A454170B491AC1C4312CE36FE6.puintVal,,,0a3d03235800
san11pk_dump.exe.idb,tagVARIANT::$::$65D68C826D16CA47CF95571D7BFCD657::$E09503A454170B491AC1C4312CE36FE6,43,,anonymous_0,tagVARIANT::$::$65D68C826D16CA47CF95571D7BFCD657::$E09503A454170B491AC1C4312CE36FE6.anonymous_0,,,0d010423827a00
san11pk_dump.exe.idb,CY,0,,anonymous_0,CY.anonymous_0,,,0d010423816e00
san11pk_dump.exe.idb,CY,1,,int64,CY.int64,,,3d0423815b00
san11pk_dump.exe.idb,tagCY::$3EA7BC8C29B528C7CA1203FC489E132F,0,,Lo,tagCY::$3EA7BC8C29B528C7CA1203FC489E132F.Lo,,,3d0423816f00
san11pk_dump.exe.idb,tagCY::$3EA7BC8C29B528C7CA1203FC489E132F,1,,Hi,tagCY::$3EA7BC8C29B528C7CA1203FC489E132F.Hi,,,3d03235200
san11pk_dump.exe.idb,tagVARIANT::$::$::$E09503A454170B491AC1C4312CE36FE6::$0FDBD249F1AECD6A49409B6B82281578,0,,pvRecord,tagVARIANT::$::$::$E09503A454170B491AC1C4312CE36FE6::$0FDBD249F1AECD6A49409B6B82281578.pvRecord,,,3d03237000
san11pk_dump.exe.idb,tagVARIANT::$::$::$E09503A454170B491AC1C4312CE36FE6::$0FDBD249F1AECD6A49409B6B82281578,1,,pRecInfo,tagVARIANT::$::$::$E09503A454170B491AC1C4312CE36FE6::$0FDBD249F1AECD6A49409B6B82281578.pRecInfo,,,0a3d0423827b00
san11pk_dump.exe.idb,DECIMAL,0,,wReserved,DECIMAL.wReserved,,,3d0423824600
san11pk_dump.exe.idb,DECIMAL,1,,anonymous_0,DECIMAL.anonymous_0,,,1d010423827600
san11pk_dump.exe.idb,DECIMAL,2,,Hi32,DECIMAL.Hi32,,,3d0423816f00
san11pk_dump.exe.idb,DECIMAL,3,,anonymous_1,DECIMAL.anonymous_1,,,1d010423827800
san11pk_dump.exe.idb,tagDEC::$64EC678C49E7BE49873AFBFB7A849D34,0,,anonymous_0,tagDEC::$64EC678C49E7BE49873AFBFB7A849D34.anonymous_0,,,0d010423827700
san11pk_dump.exe.idb,tagDEC::$64EC678C49E7BE49873AFBFB7A849D34,1,,signscale,tagDEC::$64EC678C49E7BE49873AFBFB7A849D34.signscale,,,3d0423824600
san11pk_dump.exe.idb,tagDEC::$64EC678C49E7BE49873AFBFB7A849D34::$7F8459940C2B08BD5D82B0F27239141B,0,,scale,tagDEC::$64EC678C49E7BE49873AFBFB7A849D34::$7F8459940C2B08BD5D82B0F27239141B.scale,,,3d03236e00
san11pk_dump.exe.idb,tagDEC::$64EC678C49E7BE49873AFBFB7A849D34::$7F8459940C2B08BD5D82B0F27239141B,1,,sign,tagDEC::$64EC678C49E7BE49873AFBFB7A849D34::$7F8459940C2B08BD5D82B0F27239141B.sign,,,3d03236e00
san11pk_dump.exe.idb,tagDEC::$D28E26DEC3EC762C06C2AA9D0F7AC301,0,,anonymous_0,tagDEC::$D28E26DEC3EC762C06C2AA9D0F7AC301.anonymous_0,,,0d010423827900
san11pk_dump.exe.idb,tagDEC::$D28E26DEC3EC762C06C2AA9D0F7AC301,1,,Lo64,tagDEC::$D28E26DEC3EC762C06C2AA9D0F7AC301.Lo64,,,3d0423827300
san11pk_dump.exe.idb,tagDEC::$D28E26DEC3EC762C06C2AA9D0F7AC301::$674876891A86A76F12C10005982BCA56,0,,Lo32,tagDEC::$D28E26DEC3EC762C06C2AA9D0F7AC301::$674876891A86A76F12C10005982BCA56.Lo32,,,3d0423816f00
san11pk_dump.exe.idb,tagDEC::$D28E26DEC3EC762C06C2AA9D0F7AC301::$674876891A86A76F12C10005982BCA56,1,,Mid32,tagDEC::$D28E26DEC3EC762C06C2AA9D0F7AC301::$674876891A86A76F12C10005982BCA56.Mid32,,,3d0423816f00
san11pk_dump.exe.idb,tagSIZE,0,,_cx,tagSIZE._cx,,,3d03235200
san11pk_dump.exe.idb,tagSIZE,1,,cy,tagSIZE.cy,,,3d03235200
san11pk_dump.exe.idb,MSG,0,,hwnd,MSG.hwnd,,,3d03235600
san11pk_dump.exe.idb,MSG,1,,message,MSG.message,,,3d03235800
san11pk_dump.exe.idb,MSG,2,,wParam,MSG.wParam,,,3d03235900
san11pk_dump.exe.idb,MSG,3,,lParam,MSG.lParam,,,3d03235b00
san11pk_dump.exe.idb,MSG,4,,time,MSG.time,,,3d03235100
san11pk_dump.exe.idb,MSG,5,,pt,MSG.pt,,,3d03235d00
san11pk_dump.exe.idb,tagMENUITEMINFOA,0,,cbSize,tagMENUITEMINFOA.cbSize,,,3d03235800
san11pk_dump.exe.idb,tagMENUITEMINFOA,1,,fMask,tagMENUITEMINFOA.fMask,,,3d03235800
san11pk_dump.exe.idb,tagMENUITEMINFOA,2,,fType,tagMENUITEMINFOA.fType,,,3d03235800
san11pk_dump.exe.idb,tagMENUITEMINFOA,3,,fState,tagMENUITEMINFOA.fState,,,3d03235800
san11pk_dump.exe.idb,tagMENUITEMINFOA,4,,wID,tagMENUITEMINFOA.wID,,,3d03235800
san11pk_dump.exe.idb,tagMENUITEMINFOA,5,,hSubMenu,tagMENUITEMINFOA.hSubMenu,,,3d0423834100
san11pk_dump.exe.idb,tagMENUITEMINFOA,6,,hbmpChecked,tagMENUITEMINFOA.hbmpChecked,,,3d0423834300
san11pk_dump.exe.idb,tagMENUITEMINFOA,7,,hbmpUnchecked,tagMENUITEMINFOA.hbmpUnchecked,,,3d0423834300
san11pk_dump.exe.idb,tagMENUITEMINFOA,8,,dwItemData,tagMENUITEMINFOA.dwItemData,,,3d03235400
san11pk_dump.exe.idb,tagMENUITEMINFOA,9,,dwTypeData,tagMENUITEMINFOA.dwTypeData,,,3d03237300
san11pk_dump.exe.idb,tagMENUITEMINFOA,10,,cch,tagMENUITEMINFOA.cch,,,3d03235800
san11pk_dump.exe.idb,tagMENUITEMINFOA,11,,hbmpItem,tagMENUITEMINFOA.hbmpItem,,,3d0423834300
san11pk_dump.exe.idb,IMAGEINFO,0,,hbmImage,IMAGEINFO.hbmImage,,,3d0423834300
san11pk_dump.exe.idb,IMAGEINFO,1,,hbmMask,IMAGEINFO.hbmMask,,,3d0423834300
san11pk_dump.exe.idb,IMAGEINFO,2,,Unused1,IMAGEINFO.Unused1,,,0700
san11pk_dump.exe.idb,IMAGEINFO,3,,Unused2,IMAGEINFO.Unused2,,,0700
san11pk_dump.exe.idb,IMAGEINFO,4,,rcImage,IMAGEINFO.rcImage,,,3d03236b00
san11pk_dump.exe.idb,MENUITEMINFOA,0,,cbSize,MENUITEMINFOA.cbSize,,,3d03235800
san11pk_dump.exe.idb,MENUITEMINFOA,1,,fMask,MENUITEMINFOA.fMask,,,3d03235800
san11pk_dump.exe.idb,MENUITEMINFOA,2,,fType,MENUITEMINFOA.fType,,,3d03235800
san11pk_dump.exe.idb,MENUITEMINFOA,3,,fState,MENUITEMINFOA.fState,,,3d03235800
san11pk_dump.exe.idb,MENUITEMINFOA,4,,wID,MENUITEMINFOA.wID,,,3d03235800
san11pk_dump.exe.idb,MENUITEMINFOA,5,,hSubMenu,MENUITEMINFOA.hSubMenu,,,3d0423834100
san11pk_dump.exe.idb,MENUITEMINFOA,6,,hbmpChecked,MENUITEMINFOA.hbmpChecked,,,3d0423834300
san11pk_dump.exe.idb,MENUITEMINFOA,7,,hbmpUnchecked,MENUITEMINFOA.hbmpUnchecked,,,3d0423834300
san11pk_dump.exe.idb,MENUITEMINFOA,8,,dwItemData,MENUITEMINFOA.dwItemData,,,3d03235400
san11pk_dump.exe.idb,MENUITEMINFOA,9,,dwTypeData,MENUITEMINFOA.dwTypeData,,,3d03237300
san11pk_dump.exe.idb,MENUITEMINFOA,10,,cch,MENUITEMINFOA.cch,,,3d03235800
san11pk_dump.exe.idb,MENUITEMINFOA,11,,hbmpItem,MENUITEMINFOA.hbmpItem,,,3d0423834300
san11pk_dump.exe.idb,WNDCLASSEXA,0,,cbSize,WNDCLASSEXA.cbSize,,,3d03235800
san11pk_dump.exe.idb,WNDCLASSEXA,1,,style,WNDCLASSEXA.style,,,3d03235800
san11pk_dump.exe.idb,WNDCLASSEXA,2,,lpfnWndProc,WNDCLASSEXA.lpfnWndProc,,,3d03237c00
san11pk_dump.exe.idb,WNDCLASSEXA,3,,cbClsExtra,WNDCLASSEXA.cbClsExtra,,,0700
san11pk_dump.exe.idb,WNDCLASSEXA,4,,cbWndExtra,WNDCLASSEXA.cbWndExtra,,,0700
san11pk_dump.exe.idb,WNDCLASSEXA,5,,hInstance,WNDCLASSEXA.hInstance,,,3d03237e00
san11pk_dump.exe.idb,WNDCLASSEXA,6,,hIcon,WNDCLASSEXA.hIcon,,,3d0423814000
san11pk_dump.exe.idb,WNDCLASSEXA,7,,hCursor,WNDCLASSEXA.hCursor,,,3d0423814200
san11pk_dump.exe.idb,WNDCLASSEXA,8,,hbrBackground,WNDCLASSEXA.hbrBackground,,,3d0423814300
san11pk_dump.exe.idb,WNDCLASSEXA,9,,lpszMenuName,WNDCLASSEXA.lpszMenuName,,,3d0423814500
san11pk_dump.exe.idb,WNDCLASSEXA,10,,lpszClassName,WNDCLASSEXA.lpszClassName,,,3d0423814500
san11pk_dump.exe.idb,WNDCLASSEXA,11,,hIconSm,WNDCLASSEXA.hIconSm,,,3d0423814000
san11pk_dump.exe.idb,_OVERLAPPED,0,,Internal,_OVERLAPPED.Internal,,,3d03235400
san11pk_dump.exe.idb,_OVERLAPPED,1,,InternalHigh,_OVERLAPPED.InternalHigh,,,3d03235400
san11pk_dump.exe.idb,_OVERLAPPED,2,,anonymous_0,_OVERLAPPED.anonymous_0,,,1d010423834a00
san11pk_dump.exe.idb,_OVERLAPPED,3,,hEvent,_OVERLAPPED.hEvent,,,3d03235300
san11pk_dump.exe.idb,_OVERLAPPED::$742A73540840F318F86F9CEE3D494648,0,,anonymous_0,_OVERLAPPED::$742A73540840F318F86F9CEE3D494648.anonymous_0,,,0d010423834b00
san11pk_dump.exe.idb,_OVERLAPPED::$742A73540840F318F86F9CEE3D494648,1,,Pointer,_OVERLAPPED::$742A73540840F318F86F9CEE3D494648.Pointer,,,3d03237000
san11pk_dump.exe.idb,_OVERLAPPED::$742A73540840F318F86F9CEE3D494648::$9BFE693EDA487769FDABADE5E43394F7,0,,Offset,_OVERLAPPED::$742A73540840F318F86F9CEE3D494648::$9BFE693EDA487769FDABADE5E43394F7.Offset,,,3d03235100
san11pk_dump.exe.idb,_OVERLAPPED::$742A73540840F318F86F9CEE3D494648::$9BFE693EDA487769FDABADE5E43394F7,1,,OffsetHigh,_OVERLAPPED::$742A73540840F318F86F9CEE3D494648::$9BFE693EDA487769FDABADE5E43394F7.OffsetHigh,,,3d03235100
san11pk_dump.exe.idb,tagFORMATETC,0,,cfFormat,tagFORMATETC.cfFormat,,,3d0423836400
san11pk_dump.exe.idb,tagFORMATETC,1,,ptd,tagFORMATETC.ptd,,,0a3d0423836500
san11pk_dump.exe.idb,tagFORMATETC,2,,dwAspect,tagFORMATETC.dwAspect,,,3d03235100
san11pk_dump.exe.idb,tagFORMATETC,3,,lindex,tagFORMATETC.lindex,,,3d03235200
san11pk_dump.exe.idb,tagFORMATETC,4,,tymed,tagFORMATETC.tymed,,,3d03235100
san11pk_dump.exe.idb,HDC__,0,,unused,HDC__.unused,,,0700
san11pk_dump.exe.idb,HWND__,0,,unused,HWND__.unused,,,0700
san11pk_dump.exe.idb,tagWINDOWPLACEMENT,0,,length,tagWINDOWPLACEMENT.length,,,3d03235800
san11pk_dump.exe.idb,tagWINDOWPLACEMENT,1,,flags,tagWINDOWPLACEMENT.flags,,,3d03235800
san11pk_dump.exe.idb,tagWINDOWPLACEMENT,2,,showCmd,tagWINDOWPLACEMENT.showCmd,,,3d03235800
san11pk_dump.exe.idb,tagWINDOWPLACEMENT,3,,ptMinPosition,tagWINDOWPLACEMENT.ptMinPosition,,,3d03235d00
san11pk_dump.exe.idb,tagWINDOWPLACEMENT,4,,ptMaxPosition,tagWINDOWPLACEMENT.ptMaxPosition,,,3d03235d00
san11pk_dump.exe.idb,tagWINDOWPLACEMENT,5,,rcNormalPosition,tagWINDOWPLACEMENT.rcNormalPosition,,,3d03236b00
san11pk_dump.exe.idb,tagVARIANT,0,,anonymous_0,tagVARIANT.anonymous_0,,,1d010423816300
san11pk_dump.exe.idb,tagINITCOMMONCONTROLSEX,0,,dwSize,tagINITCOMMONCONTROLSEX.dwSize,,,3d03235100
san11pk_dump.exe.idb,tagINITCOMMONCONTROLSEX,1,,dwICC,tagINITCOMMONCONTROLSEX.dwICC,,,3d03235100
san11pk_dump.exe.idb,_TBBUTTON,0,,iBitmap,_TBBUTTON.iBitmap,,,0700
san11pk_dump.exe.idb,_TBBUTTON,1,,idCommand,_TBBUTTON.idCommand,,,0700
san11pk_dump.exe.idb,_TBBUTTON,2,,fsState,_TBBUTTON.fsState,,,3d03236e00
san11pk_dump.exe.idb,_TBBUTTON,3,,fsStyle,_TBBUTTON.fsStyle,,,3d03236e00
san11pk_dump.exe.idb,_TBBUTTON,4,,bReserved,_TBBUTTON.bReserved,,,1b033d03236e00
san11pk_dump.exe.idb,_TBBUTTON,5,,dwData,_TBBUTTON.dwData,,,3d03236600
san11pk_dump.exe.idb,_TBBUTTON,6,,iString,_TBBUTTON.iString,,,3d0423845900
san11pk_dump.exe.idb,WNDCLASSA,0,,style,WNDCLASSA.style,,,3d03235800
san11pk_dump.exe.idb,WNDCLASSA,1,,lpfnWndProc,WNDCLASSA.lpfnWndProc,,,3d03237c00
san11pk_dump.exe.idb,WNDCLASSA,2,,cbClsExtra,WNDCLASSA.cbClsExtra,,,0700
san11pk_dump.exe.idb,WNDCLASSA,3,,cbWndExtra,WNDCLASSA.cbWndExtra,,,0700
san11pk_dump.exe.idb,WNDCLASSA,4,,hInstance,WNDCLASSA.hInstance,,,3d03237e00
san11pk_dump.exe.idb,WNDCLASSA,5,,hIcon,WNDCLASSA.hIcon,,,3d0423814000
san11pk_dump.exe.idb,WNDCLASSA,6,,hCursor,WNDCLASSA.hCursor,,,3d0423814200
san11pk_dump.exe.idb,WNDCLASSA,7,,hbrBackground,WNDCLASSA.hbrBackground,,,3d0423814300
san11pk_dump.exe.idb,WNDCLASSA,8,,lpszMenuName,WNDCLASSA.lpszMenuName,,,3d0423814500
san11pk_dump.exe.idb,WNDCLASSA,9,,lpszClassName,WNDCLASSA.lpszClassName,,,3d0423814500
san11pk_dump.exe.idb,HBITMAP__,0,,unused,HBITMAP__.unused,,,0700
san11pk_dump.exe.idb,LOGFONTA,0,,lfHeight,LOGFONTA.lfHeight,,,3d03235200
san11pk_dump.exe.idb,LOGFONTA,1,,lfWidth,LOGFONTA.lfWidth,,,3d03235200
san11pk_dump.exe.idb,LOGFONTA,2,,lfEscapement,LOGFONTA.lfEscapement,,,3d03235200
san11pk_dump.exe.idb,LOGFONTA,3,,lfOrientation,LOGFONTA.lfOrientation,,,3d03235200
san11pk_dump.exe.idb,LOGFONTA,4,,lfWeight,LOGFONTA.lfWeight,,,3d03235200
san11pk_dump.exe.idb,LOGFONTA,5,,lfItalic,LOGFONTA.lfItalic,,,3d03236e00
san11pk_dump.exe.idb,LOGFONTA,6,,lfUnderline,LOGFONTA.lfUnderline,,,3d03236e00
san11pk_dump.exe.idb,LOGFONTA,7,,lfStrikeOut,LOGFONTA.lfStrikeOut,,,3d03236e00
san11pk_dump.exe.idb,LOGFONTA,8,,lfCharSet,LOGFONTA.lfCharSet,,,3d03236e00
san11pk_dump.exe.idb,LOGFONTA,9,,lfOutPrecision,LOGFONTA.lfOutPrecision,,,3d03236e00
san11pk_dump.exe.idb,LOGFONTA,10,,lfClipPrecision,LOGFONTA.lfClipPrecision,,,3d03236e00
san11pk_dump.exe.idb,LOGFONTA,11,,lfQuality,LOGFONTA.lfQuality,,,3d03236e00
san11pk_dump.exe.idb,LOGFONTA,12,,lfPitchAndFamily,LOGFONTA.lfPitchAndFamily,,,3d03236e00
san11pk_dump.exe.idb,LOGFONTA,13,,lfFaceName,LOGFONTA.lfFaceName,,,1b213d03236800
san11pk_dump.exe.idb,struc_map_grid,0,0x0,field_0,struc_map_grid.field_0,,,0700
san11pk_dump.exe.idb,struc_map_grid,1,0x4,field_4,struc_map_grid.field_4,,,
san11pk_dump.exe.idb,struc_map_grid,2,0x8,field_8,struc_map_grid.field_8,,,
san11pk_dump.exe.idb,struc_map_grid,3,0xc,field_C,struc_map_grid.field_C,,,
san11pk_dump.exe.idb,struc_map_grid,4,0x10,field_10,struc_map_grid.field_10,,,
san11pk_dump.exe.idb,struct_pass,0,0x0,fld_0_PassFuncAddr,struct_pass.fld_0_PassFuncAddr,,关隘相关函数所在地址(70 C1 79 00),
san11pk_dump.exe.idb,struct_pass,1,0x4,fld_4_Name,struct_pass.fld_4_Name,,名称,
san11pk_dump.exe.idb,struct_pass,2,0x20,fld_20_CorpsID,struct_pass.fld_20_CorpsID,,军团ID,0400
san11pk_dump.exe.idb,struct_pass,3,0x24,fld_24_TroopStrength,struct_pass.fld_24_TroopStrength,,兵力,0400
san11pk_dump.exe.idb,struct_pass,4,0x28,fld_28_Money,struct_pass.fld_28_Money,,金钱,0400
san11pk_dump.exe.idb,struct_pass,5,0x2c,fld_2C_Food,struct_pass.fld_2C_Food,,兵粮,0400
san11pk_dump.exe.idb,struct_pass,6,0x30,fld_30_EquipmentCounts,struct_pass.fld_30_EquipmentCounts,,枪～马数量,1b050400
san11pk_dump.exe.idb,struct_pass,7,0x40,fld_40_Durability,struct_pass.fld_40_Durability,,耐久,0400
san11pk_dump.exe.idb,struct_pass,8,0x44,fld_44_SiegeWeaponCounts,struct_pass.fld_44_SiegeWeaponCounts,,冲车～斗舰数量,1b080400
san11pk_dump.exe.idb,struct_pass,9,0x60,fld_60_Morale,struct_pass.fld_60_Morale,,气力,0200
san11pk_dump.exe.idb,struct_pass,10,0x61,fld_61,struct_pass.fld_61,,,0200
san11pk_dump.exe.idb,struct_pass,11,0x62,fld_62_MaxDurability,struct_pass.fld_62_MaxDurability,,最大耐久,0300
san11pk_dump.exe.idb,struct_pass,12,0x64,fld_64_Prefect,struct_pass.fld_64_Prefect,,太守,0400
san11pk_dump.exe.idb,struct_pass,13,0x68,fld_68_TrainingCompleted,struct_pass.fld_68_TrainingCompleted,,已训练,0400
san11pk_dump.exe.idb,struct_pass,14,0x6c,fld_6C,struct_pass.fld_6C,,,0400
san11pk_dump.exe.idb,struct_pass,15,0x70,fld_70_PersonList,struct_pass.fld_70_PersonList,,武将链表,3d0423856d00
san11pk_dump.exe.idb,struct_corp,0,0x0,fld_0_CorpsFuncAddr,struct_corp.fld_0_CorpsFuncAddr,,军团相关函数所在地址(B0 BF 79 00),
san11pk_dump.exe.idb,struct_corp,1,0x4,fld_4_PowerID,struct_corp.fld_4_PowerID,,势力ID,0400
san11pk_dump.exe.idb,struct_corp,2,0x8,fld_8_CorpsNumber,struct_corp.fld_8_CorpsNumber,,军团番号,0400
san11pk_dump.exe.idb,struct_corp,3,0xc,fld_C_CorpsLeaderID,struct_corp.fld_C_CorpsLeaderID,,军团长ID,0400
san11pk_dump.exe.idb,struct_corp,4,0x10,fld_10_Policy,struct_corp.fld_10_Policy,,方针,0400
san11pk_dump.exe.idb,struct_corp,5,0x14,fld_14_Target,struct_corp.fld_14_Target,,对象,0400
san11pk_dump.exe.idb,struct_corp,6,0x18,fld_18_MidTermGoal,struct_corp.fld_18_MidTermGoal,,中期目标,0400
san11pk_dump.exe.idb,struct_corp,7,0x1c,fld_1C_MidTermGoalTarget,struct_corp.fld_1C_MidTermGoalTarget,,中期目标对象,0400
san11pk_dump.exe.idb,struct_corp,8,0x20,fld_20_TransportCity,struct_corp.fld_20_TransportCity,,输送城市,0400
san11pk_dump.exe.idb,struct_corp,9,0x24,fld_24,struct_corp.fld_24,,,0400
san11pk_dump.exe.idb,struct_corp,10,0x28,fld_28_DelegationPolicy,struct_corp.fld_28_DelegationPolicy,,"委任方针(前12位,第29位=委任)",0400
san11pk_dump.exe.idb,struct_corp,11,0x2c,fld_2C_ActionPoints,struct_corp.fld_2C_ActionPoints,,行动力,0400
san11pk_dump.exe.idb,struct_corp,12,0x30,fld_30_PersonList,struct_corp.fld_30_PersonList,,武将链表,3d0423856d00
san11pk_dump.exe.idb,struct_force,0,0x0,fld_0_ForceFuncAddr,struct_force.fld_0_ForceFuncAddr,,势力相关函数所在地址(E8 C0 79 00),
san11pk_dump.exe.idb,struct_force,1,0x4,fld_4_SovereignID,struct_force.fld_4_SovereignID,,君主ID,0400
san11pk_dump.exe.idb,struct_force,2,0x8,fld_8_AdvisorID,struct_force.fld_8_AdvisorID,,军师ID,0400
san11pk_dump.exe.idb,struct_force,3,0xc,fld_C_Relations,struct_force.fld_C_Relations,,势力友好度47个势力的友好度＋00,1b310200
san11pk_dump.exe.idb,struct_force,4,0x3c,fld_3C_Rank,struct_force.fld_3C_Rank,,爵位,0400
san11pk_dump.exe.idb,struct_force,5,0x40,fld_40_DynastyID,struct_force.fld_40_DynastyID,,国号ID,0400
san11pk_dump.exe.idb,struct_force,6,0x44,fld_44_ForceColor,struct_force.fld_44_ForceColor,,势力色,0400
san11pk_dump.exe.idb,struct_force,7,0x48,fld_48_ForcePolicy,struct_force.fld_48_ForcePolicy,,势力方针,0400
san11pk_dump.exe.idb,struct_force,8,0x4c,fld_4C_Unknown1,struct_force.fld_4C_Unknown1,,,0400
san11pk_dump.exe.idb,struct_force,9,0x50,fld_50_AllianceFlags,struct_force.fld_50_AllianceFlags,,同盟标志位按位，0为未同盟，1为已同盟，共47位，后17位空余,1b090200
san11pk_dump.exe.idb,struct_force,10,0x58,fld_58_Technologies,struct_force.fld_58_Technologies,,9种科技是否研究按位，0为未研究，1为已研究，只用36位，后28位空余,1b090200
san11pk_dump.exe.idb,struct_force,11,0x60,fld_60_PlayerNumber,struct_force.fld_60_PlayerNumber,,玩家序号,0400
san11pk_dump.exe.idb,struct_force,12,0x64,fld_64_PeaceTime,struct_force.fld_64_PeaceTime,,势力停战与47个势力停战时间，最后一个字节空余,1b310200
san11pk_dump.exe.idb,struct_force,13,0x94,fld_94_HostilityTarget,struct_force.fld_94_HostilityTarget,,要请先势力,0400
san11pk_dump.exe.idb,struct_force,14,0x98,fld_98_HostilityTime,struct_force.fld_98_HostilityTime,,要请时间,0200
san11pk_dump.exe.idb,struct_force,15,0x99,fld_99_DiplomacyCounter,struct_force.fld_99_DiplomacyCounter,,外交解禁计数器,0200
san11pk_dump.exe.idb,struct_force,16,0x9a,fld_9A_Unknown2,struct_force.fld_9A_Unknown2,,,0200
san11pk_dump.exe.idb,struct_force,17,0x9b,fld_9B_Unknown3,struct_force.fld_9B_Unknown3,,,0200
san11pk_dump.exe.idb,struct_force,18,0x9c,fld_9C_ResearchingTech,struct_force.fld_9C_ResearchingTech,,正在研究科技,0400
san11pk_dump.exe.idb,struct_force,19,0xa0,fld_A0_ResearchTimeLeft,struct_force.fld_A0_ResearchTimeLeft,,剩余研究时间,0300
san11pk_dump.exe.idb,struct_force,20,0xa2,fld_A2_SkillPoints,struct_force.fld_A2_SkillPoints,,技巧点,0300
san11pk_dump.exe.idb,struct_force,21,0xa4,fld_A4_Unknown4,struct_force.fld_A4_Unknown4,,,0400
san11pk_dump.exe.idb,struct_force,22,0xa8,fld_A8_ResearchingAbility,struct_force.fld_A8_ResearchingAbility,,正在研究能力,0400
san11pk_dump.exe.idb,struct_force,23,0xac,fld_AC_AbilityTimeLeft,struct_force.fld_AC_AbilityTimeLeft,,剩余研究时间,0400
san11pk_dump.exe.idb,struct_force,24,0xe8,fld_E8_HiddenAbilities,struct_force.fld_E8_HiddenAbilities,,十个隐藏能力,1b0b0400
san11pk_dump.exe.idb,struct_force,25,0x128,fld_128_Unknown5,struct_force.fld_128_Unknown5,,未知,0400
san11pk_dump.exe.idb,struct_city,0,0x0,fld_0_CityFuncAddr,struct_city.fld_0_CityFuncAddr,,城市相关函数所在地址(58 BF 79 00),
san11pk_dump.exe.idb,struct_city,1,0x4,fld_4_Name,struct_city.fld_4_Name,,名称,
san11pk_dump.exe.idb,struct_city,2,0x18,fld_18_StateID,struct_city.fld_18_StateID,,所属州,0400
san11pk_dump.exe.idb,struct_city,3,0x1c,fld_1C_AdjacentCities,struct_city.fld_1C_AdjacentCities,,邻接城市(最多6个),1b070400
san11pk_dump.exe.idb,struct_city,4,0x34,fld_34_PrefectID,struct_city.fld_34_PrefectID,,太守ID,0400
san11pk_dump.exe.idb,struct_city,5,0x38,fld_38_CorpsID,struct_city.fld_38_CorpsID,,军团ID,0400
san11pk_dump.exe.idb,struct_city,6,0x3c,fld_3C_TroopCapacity,struct_city.fld_3C_TroopCapacity,,兵力上限,0400
san11pk_dump.exe.idb,struct_city,7,0x40,fld_40_TroopStrength,struct_city.fld_40_TroopStrength,,兵力,0400
san11pk_dump.exe.idb,struct_city,8,0x44,fld_44_Money,struct_city.fld_44_Money,,钱,0400
san11pk_dump.exe.idb,struct_city,9,0x48,fld_48_Food,struct_city.fld_48_Food,,粮,0400
san11pk_dump.exe.idb,struct_city,10,0x4c,fld_4C_EquipmentCounts,struct_city.fld_4C_EquipmentCounts,,剑～马数量(血色6.0将int[0]即剑数量用作城市人口),1b060400
san11pk_dump.exe.idb,struct_city,11,0x60,fld_60_SiegeWeaponCounts,struct_city.fld_60_SiegeWeaponCounts,,冲车～斗舰数量 (血色6.0将int[4]即小船数量用作农村人口),1b080400
san11pk_dump.exe.idb,struct_city,12,0x7c,fld_7C_TradePrice,struct_city.fld_7C_TradePrice,,钱粮交易价格,0200
san11pk_dump.exe.idb,struct_city,13,0x7d,fld_7D_HasMerchant,struct_city.fld_7D_HasMerchant,,是否有商人,0200
san11pk_dump.exe.idb,struct_city,14,0x7e,fld_7E_BaseMoneyProduction,struct_city.fld_7E_BaseMoneyProduction,,基础产钱,0300
san11pk_dump.exe.idb,struct_city,15,0x80,fld_80_BaseFoodProduction,struct_city.fld_80_BaseFoodProduction,,基础产粮,0300
san11pk_dump.exe.idb,struct_city,16,0x82,fld_82_MaxDurability,struct_city.fld_82_MaxDurability,,最大耐久,0300
san11pk_dump.exe.idb,struct_city,17,0x84,fld_84_SoldierMorale,struct_city.fld_84_SoldierMorale,,城市士兵气力,0200
san11pk_dump.exe.idb,struct_city,18,0x85,fld_85_CitySecurity,struct_city.fld_85_CitySecurity,,城市治安,0200
san11pk_dump.exe.idb,struct_city,19,0x86,fld_86_SpecialtyProducts,struct_city.fld_86_SpecialtyProducts,,城市特产(枪 戟 弩 骑 工具 舰船),1b070200
san11pk_dump.exe.idb,struct_city,20,0x8c,fld_8C_ResearchPoints,struct_city.fld_8C_ResearchPoints,,研究技巧,0400
san11pk_dump.exe.idb,struct_city,21,0x90,fld_90_IsInBattle,struct_city.fld_90_IsInBattle,,城市是否处于战斗不可状态,0400
san11pk_dump.exe.idb,struct_city,22,0x94,fld_94_CityPolicy,struct_city.fld_94_CityPolicy,,都市方针,0400
san11pk_dump.exe.idb,struct_city,23,0x98,fld_98_CityTarget,struct_city.fld_98_CityTarget,,都市目标,0400
san11pk_dump.exe.idb,struct_city,24,0x9c,fld_9C_Disasters,struct_city.fld_9C_Disasters,,只用前3BIT(疫病 灾害 丰作),0400
san11pk_dump.exe.idb,struct_city,25,0xa0,fld_A0_DisasterPredictions,struct_city.fld_A0_DisasterPredictions,,只用前3BIT(疫病预定 灾害预定 丰作预定),0400
san11pk_dump.exe.idb,struct_city,26,0xa4,fld_A4_CityActions,struct_city.fld_A4_CityActions,,第0位-已巡查，第1位-已商人，第4位-已训练,0400
san11pk_dump.exe.idb,struct_city,27,0xa8,fld_A8_EmptyBarracks,struct_city.fld_A8_EmptyBarracks,,空兵舍,0200
san11pk_dump.exe.idb,struct_city,28,0xa9,fld_A9_EmptyForge,struct_city.fld_A9_EmptyForge,,空锻造,0200
san11pk_dump.exe.idb,struct_city,29,0xaa,fld_AA_EmptyStable,struct_city.fld_AA_EmptyStable,,空厩舍,0200
san11pk_dump.exe.idb,struct_city,30,0xab,fld_AB_EmptyWorkshop,struct_city.fld_AB_EmptyWorkshop,,空工房,0200
san11pk_dump.exe.idb,struct_city,31,0xac,fld_AC_EmptyShipyard,struct_city.fld_AC_EmptyShipyard,,空船厂,0200
san11pk_dump.exe.idb,struct_city,32,0xad,fld_AD,struct_city.fld_AD,,,
san11pk_dump.exe.idb,struct_city,33,0xb0,fld_B0,struct_city.fld_B0,,,0400
san11pk_dump.exe.idb,struct_city,34,0xb4,fld_B4_PersonList,struct_city.fld_B4_PersonList,,武将链表,3d0423856d00
san11pk_dump.exe.idb,struct_city,35,0xd4,fld_D4_SubordinateHarborAndPassID,struct_city.fld_D4_SubordinateHarborAndPassID,,下属港关ID(最多5个),1b060400
san11pk_dump.exe.idb,struct_city,36,0xe8,fld_E8_DomesticLandCount,struct_city.fld_E8_DomesticLandCount,,内政用地数,0400
san11pk_dump.exe.idb,struct_city,37,0xec,fld_EC_DevelopedLandCount,struct_city.fld_EC_DevelopedLandCount,,已开发用地数,0400
san11pk_dump.exe.idb,struct_city,38,0xf0,fld_F0_DomesticLandCoordX,struct_city.fld_F0_DomesticLandCoordX,,内政地X,0300
san11pk_dump.exe.idb,struct_city,39,0xf2,fld_F2_DomesticLandCoordY,struct_city.fld_F2_DomesticLandCoordY,,内政地Y,0300
san11pk_dump.exe.idb,struct_city,40,0xf4,fld_F4_FacilityPointerArray,struct_city.fld_F4_FacilityPointerArray,,对应的设施指针数组（共30个设施，每个对应两个指针）,1b3d0a3d0423856b00
san11pk_dump.exe.idb,struct_city,41,0x1e4,fld_1E4,struct_city.fld_1E4,,某指针,
san11pk_dump.exe.idb,struct_city,42,0x244,fld_244,struct_city.fld_244,,,0400
san11pk_dump.exe.idb,struct_gov_position,0,0x0,fld_0_OfficeFuncAddr,struct_gov_position.fld_0_OfficeFuncAddr,,官职相关函数所在地址(64 C8 79 00),
san11pk_dump.exe.idb,struct_gov_position,1,0x2c,fld_2C_TroopNumber,struct_gov_position.fld_2C_TroopNumber,,带兵数量,0400
san11pk_dump.exe.idb,struct_gov_position,2,0x30,fld_30_AttributeIncreaseType,struct_gov_position.fld_30_AttributeIncreaseType,,属性上升类型,0400
san11pk_dump.exe.idb,struct_gov_position,3,0x34,fld_34_AttributeIncrease,struct_gov_position.fld_34_AttributeIncrease,,属性上升,0200
san11pk_dump.exe.idb,struct_gov_position,4,0x35,fld_35_Salary,struct_gov_position.fld_35_Salary,,俸禄,0200
san11pk_dump.exe.idb,struct_gov_position,5,0x36,fld_36_Rank,struct_gov_position.fld_36_Rank,,等级,0200
san11pk_dump.exe.idb,struct_gov_position,6,0x37,fld_37,struct_gov_position.fld_37,,,0200
san11pk_dump.exe.idb,struct_gov_position,7,0x38,fld_38,struct_gov_position.fld_38,,,0400
san11pk_dump.exe.idb,struct_treasure,0,0x0,fld_0_TreasureFuncAddr,struct_treasure.fld_0_TreasureFuncAddr,,宝物相关函数所在地址(68 C5 79 00),
san11pk_dump.exe.idb,struct_treasure,1,0x38,fld_38_TreasureType,struct_treasure.fld_38_TreasureType,,宝物类型,0400
san11pk_dump.exe.idb,struct_treasure,2,0x3c,fld_3C_TreasureValue,struct_treasure.fld_3C_TreasureValue,,宝物价值,0400
san11pk_dump.exe.idb,struct_treasure,3,0x40,fld_40_Owner,struct_treasure.fld_40_Owner,,所属武将,0400
san11pk_dump.exe.idb,struct_treasure,4,0x44,fld_44_Location,struct_treasure.fld_44_Location,,所在城市,0400
san11pk_dump.exe.idb,struct_treasure,5,0x48,fld_48_TreasureStatus,struct_treasure.fld_48_TreasureStatus,,宝物状态,0400
san11pk_dump.exe.idb,struct_treasure,6,0x4c,fld_4C_CG,struct_treasure.fld_4C_CG,,CG,0400
san11pk_dump.exe.idb,struct_treasure,7,0x50,fld_50,struct_treasure.fld_50,,,0400
san11pk_dump.exe.idb,struct_person,0,0x0,fld_0_PersonFuncAddr,struct_person.fld_0_PersonFuncAddr,,武将相关函数所在地址(80 C7 79 00),
san11pk_dump.exe.idb,struct_person,1,0x4,fld_4_NameAndPronunciation,struct_person.fld_4_NameAndPronunciation,,姓名字和读音,
san11pk_dump.exe.idb,struct_person,2,0x3c,fld_3C_PortraitID,struct_person.fld_3C_PortraitID,,头像ID,0400
san11pk_dump.exe.idb,struct_person,3,0x40,fld_40_Gender,struct_person.fld_40_Gender,,"性别(0=男,1=女)",0400
san11pk_dump.exe.idb,struct_person,4,0x44,fld_44_YearOfDebut,struct_person.fld_44_YearOfDebut,,登场年,0400
san11pk_dump.exe.idb,struct_person,5,0x48,fld_48_YearOfBirth,struct_person.fld_48_YearOfBirth,,出生年,0400
san11pk_dump.exe.idb,struct_person,6,0x4c,fld_4C_YearOfDeath,struct_person.fld_4C_YearOfDeath,,死亡年,0400
san11pk_dump.exe.idb,struct_person,7,0x50,fld_50_CauseOfDeath,struct_person.fld_50_CauseOfDeath,,死因,0400
san11pk_dump.exe.idb,struct_person,8,0x54,fld_54_BloodRelation,struct_person.fld_54_BloodRelation,,血缘,0400
san11pk_dump.exe.idb,struct_person,9,0x58,fld_58_FatherID,struct_person.fld_58_FatherID,,父亲ID,0400
san11pk_dump.exe.idb,struct_person,10,0x5c,fld_5C_MotherID,struct_person.fld_5C_MotherID,,母亲ID,0400
san11pk_dump.exe.idb,struct_person,11,0x60,fld_60_SpouseID,struct_person.fld_60_SpouseID,,配偶ID,0400
san11pk_dump.exe.idb,struct_person,12,0x64,fld_64_SwornSiblingID,struct_person.fld_64_SwornSiblingID,,义兄弟ID,0400
san11pk_dump.exe.idb,struct_person,13,0x68,fld_68_Generation,struct_person.fld_68_Generation,,世代,0200
san11pk_dump.exe.idb,struct_person,14,0x69,fld_69_Personality,struct_person.fld_69_Personality,,相性,0200
san11pk_dump.exe.idb,struct_person,15,0x6a,fld_6A_Unknown1,struct_person.fld_6A_Unknown1,,,0300
san11pk_dump.exe.idb,struct_person,16,0x6c,fld_6C_IntimatePersonsID,struct_person.fld_6C_IntimatePersonsID,,亲近武将ID,1b060400
san11pk_dump.exe.idb,struct_person,17,0x80,fld_80_HatedPersonsID,struct_person.fld_80_HatedPersonsID,,厌恶武将ID,1b060400
san11pk_dump.exe.idb,struct_person,18,0x94,fld_94_Legion,struct_person.fld_94_Legion,,军团,0400
san11pk_dump.exe.idb,struct_person,19,0x98,fld_98_FacilityID,struct_person.fld_98_FacilityID,,所属设施ID,0400
san11pk_dump.exe.idb,struct_person,20,0x9c,fld_9C_Location,struct_person.fld_9C_Location,,所在,0400
san11pk_dump.exe.idb,struct_person,21,0xa0,fld_A0_Identity,struct_person.fld_A0_Identity,,身份,0400
san11pk_dump.exe.idb,struct_person,22,0xa4,fld_A4_OfficialPosition,struct_person.fld_A4_OfficialPosition,,官职,0400
san11pk_dump.exe.idb,struct_person,23,0xa8,fld_A8_ScheduledLord,struct_person.fld_A8_ScheduledLord,,登场预定君主,0400
san11pk_dump.exe.idb,struct_person,24,0xac,fld_AC_Loyalty,struct_person.fld_AC_Loyalty,,忠诚度,0300
san11pk_dump.exe.idb,struct_person,25,0xae,fld_AE_Merit,struct_person.fld_AE_Merit,,功勋,0300
san11pk_dump.exe.idb,struct_person,26,0xb0,fld_B0_BranchAffinities,struct_person.fld_B0_BranchAffinities,,6个兵科适性,1b070400
san11pk_dump.exe.idb,struct_person,27,0xc8,fld_C8_FiveBasicValues,struct_person.fld_C8_FiveBasicValues,,五维基础值,0200
san11pk_dump.exe.idb,struct_person,28,0xcd,fld_CD_Unknown2,struct_person.fld_CD_Unknown2,,,
san11pk_dump.exe.idb,struct_person,29,0xd0,fld_D0_FiveBasicValueChanges,struct_person.fld_D0_FiveBasicValueChanges,,五维变动,1b060400
san11pk_dump.exe.idb,struct_person,30,0xe4,fld_E4_Birthplace,struct_person.fld_E4_Birthplace,,出身,0400
san11pk_dump.exe.idb,struct_person,31,0xe8,fld_E8_SpecialSkill,struct_person.fld_E8_SpecialSkill,,特技(无特技是-1),0400
san11pk_dump.exe.idb,struct_person,32,0xec,fld_EC_SkillfulTopic,struct_person.fld_EC_SkillfulTopic,,舌战得意话题,0400
san11pk_dump.exe.idb,struct_person,33,0xf0,fld_F0_Ideals,struct_person.fld_F0_Ideals,,义理,0400
san11pk_dump.exe.idb,struct_person,34,0xf4,fld_F4_Ambition,struct_person.fld_F4_Ambition,,野望,0400
san11pk_dump.exe.idb,struct_person,35,0xf8,fld_F8_Enabled,struct_person.fld_F8_Enabled,,启用,0400
san11pk_dump.exe.idb,struct_person,36,0xfc,fld_FC_PersonalityTrait,struct_person.fld_FC_PersonalityTrait,,性格,0400
san11pk_dump.exe.idb,struct_person,37,0x100,fld_100_Voice,struct_person.fld_100_Voice,,声音,0400
san11pk_dump.exe.idb,struct_person,38,0x104,fld_104_Tone,struct_person.fld_104_Tone,,口调,0400
san11pk_dump.exe.idb,struct_person,39,0x108,fld_108_HanDynastyAttention,struct_person.fld_108_HanDynastyAttention,,汉室重视,0400
san11pk_dump.exe.idb,struct_person,40,0x10c,fld_10C_StrategicTendency,struct_person.fld_10C_StrategicTendency,,战略倾向,0400
san11pk_dump.exe.idb,struct_person,41,0x110,fld_110_EarthElementTenacity,struct_person.fld_110_EarthElementTenacity,,地元执着,0400
san11pk_dump.exe.idb,struct_person,42,0x114,fld_114_3DModel,struct_person.fld_114_3DModel,,3D造型,
san11pk_dump.exe.idb,struct_person,43,0x120,fld_120_AgeOfPortraitChange,struct_person.fld_120_AgeOfPortraitChange,,头像变更年龄,0400
san11pk_dump.exe.idb,struct_person,44,0x124,fld_124_Flags,struct_person.fld_124_Flags,,8个标志位(已行动、已褒奖、死亡预定、舌战五种话术),0200
san11pk_dump.exe.idb,struct_person,45,0x125,fld_125_Unknown3,struct_person.fld_125_Unknown3,,,0200
san11pk_dump.exe.idb,struct_person,46,0x126,fld_126_Unknown4,struct_person.fld_126_Unknown4,,,0300
san11pk_dump.exe.idb,struct_person,47,0x128,fld_128_Stamina,struct_person.fld_128_Stamina,,体力,0200
san11pk_dump.exe.idb,struct_person,48,0x129,fld_129_Unknown5,struct_person.fld_129_Unknown5,,,0200
san11pk_dump.exe.idb,struct_person,49,0x12a,fld_12A_FiveBasicValueExp,struct_person.fld_12A_FiveBasicValueExp,,五维经验,1b060300
san11pk_dump.exe.idb,struct_person,50,0x134,fld_134_BranchAffinityExp,struct_person.fld_134_BranchAffinityExp,,6个兵科适性经验,1b070200
san11pk_dump.exe.idb,struct_person,51,0x13a,fld_13A_Unknown6,struct_person.fld_13A_Unknown6,,,0300
san11pk_dump.exe.idb,struct_person,52,0x13c,fld_13C_Mission,struct_person.fld_13C_Mission,,"任务(无任务是-1,任务编码从0～43)",0400
san11pk_dump.exe.idb,struct_person,53,0x140,fld_140_MissionParameters,struct_person.fld_140_MissionParameters,,任务对象参数共5个,1b060400
san11pk_dump.exe.idb,struct_person,54,0x154,fld_154_Unknown7,struct_person.fld_154_Unknown7,,,0400
san11pk_dump.exe.idb,struct_person,55,0x158,fld_158_StayCount,struct_person.fld_158_StayCount,,留守计数,0400
san11pk_dump.exe.idb,struct_person,56,0x15c,fld_15C_HealthLevel,struct_person.fld_15C_HealthLevel,,健康程度,0400
san11pk_dump.exe.idb,struct_person,57,0x160,fld_160_FormerAllegiance,struct_person.fld_160_FormerAllegiance,,旧势力,0400
san11pk_dump.exe.idb,struct_person,58,0x164,fld_164_ForbiddenRuler,struct_person.fld_164_ForbiddenRuler,,禁止仕官君主,0400
san11pk_dump.exe.idb,struct_person,59,0x168,fld_168_ForbiddenMonths,struct_person.fld_168_ForbiddenMonths,,禁止仕官月数,0200
san11pk_dump.exe.idb,struct_person,60,0x169,fld_169_CaptiveMonths,struct_person.fld_169_CaptiveMonths,,俘虏月数,0200
san11pk_dump.exe.idb,struct_person,61,0x16a,fld_16A_Unknown8,struct_person.fld_16A_Unknown8,,,0300
san11pk_dump.exe.idb,struct_person,62,0x16c,fld_16C_Unknown9,struct_person.fld_16C_Unknown9,,,0400
san11pk_dump.exe.idb,struct_person,63,0x170,fld_170_InjuryDisplayValues,struct_person.fld_170_InjuryDisplayValues,,五维受伤影响的显示值,1b060200
san11pk_dump.exe.idb,struct_person,64,0x175,fld_175_UninjuredDisplayValues,struct_person.fld_175_UninjuredDisplayValues,,五维不受伤影响的显示值,1b060200
san11pk_dump.exe.idb,struct_person,65,0x17a,fld_17A_Unknown10,struct_person.fld_17A_Unknown10,,,0300
san11pk_dump.exe.idb,struct_person,66,0x17c,fld_17C_Unknown11,struct_person.fld_17C_Unknown11,,,
san11pk_dump.exe.idb,struct_harbor,0,0x0,fld_0_HarborFuncAddr,struct_harbor.fld_0_HarborFuncAddr,,港口相关函数所在地址(D0 C7 79 00),
san11pk_dump.exe.idb,struct_harbor,1,0x4,fld_4_Name,struct_harbor.fld_4_Name,,名称,
san11pk_dump.exe.idb,struct_harbor,2,0x20,fld_20_CorpsID,struct_harbor.fld_20_CorpsID,,军团ID,0400
san11pk_dump.exe.idb,struct_harbor,3,0x24,fld_24_TroopStrength,struct_harbor.fld_24_TroopStrength,,兵力,0400
san11pk_dump.exe.idb,struct_harbor,4,0x28,fld_28_Money,struct_harbor.fld_28_Money,,金钱,0400
san11pk_dump.exe.idb,struct_harbor,5,0x2c,fld_2C_Food,struct_harbor.fld_2C_Food,,兵粮,0400
san11pk_dump.exe.idb,struct_harbor,6,0x30,fld_30_EquipmentCounts,struct_harbor.fld_30_EquipmentCounts,,枪～马数量,1b050400
san11pk_dump.exe.idb,struct_harbor,7,0x40,fld_40_Durability,struct_harbor.fld_40_Durability,,耐久,0400
san11pk_dump.exe.idb,struct_harbor,8,0x44,fld_44_SiegeWeaponCounts,struct_harbor.fld_44_SiegeWeaponCounts,,冲车～斗舰数量,1b080400
san11pk_dump.exe.idb,struct_harbor,9,0x60,fld_60_Morale,struct_harbor.fld_60_Morale,,气力,0200
san11pk_dump.exe.idb,struct_harbor,10,0x61,fld_61,struct_harbor.fld_61,,,0200
san11pk_dump.exe.idb,struct_harbor,11,0x62,fld_62_MaxDurability,struct_harbor.fld_62_MaxDurability,,最大耐久,0300
san11pk_dump.exe.idb,struct_harbor,12,0x64,fld_64_Prefect,struct_harbor.fld_64_Prefect,,太守,0400
san11pk_dump.exe.idb,struct_harbor,13,0x68,fld_68_TrainingCompleted,struct_harbor.fld_68_TrainingCompleted,,已训练,0400
san11pk_dump.exe.idb,struct_harbor,14,0x6c,fld_6C,struct_harbor.fld_6C,,,0400
san11pk_dump.exe.idb,struct_harbor,15,0x70,fld_70_PersonList,struct_harbor.fld_70_PersonList,,武将链表,3d0423856d00
san11pk_dump.exe.idb,struct_skill,0,0x0,fld_0_SkillFuncAddr,struct_skill.fld_0_SkillFuncAddr,,特技相关函数所在地址(0C C9 79 00),
san11pk_dump.exe.idb,struct_skill,1,0x4,fld_4_SkillName,struct_skill.fld_4_SkillName,,特技名称,
san11pk_dump.exe.idb,struct_skill,2,0x1c,fld_1C_SkillDescription,struct_skill.fld_1C_SkillDescription,,特技描述,
san11pk_dump.exe.idb,struct_skill,3,0x60,fld_60_SkillLevel,struct_skill.fld_60_SkillLevel,,特技等级,0400
san11pk_dump.exe.idb,struct_skill,4,0x64,fld_64_SkillType,struct_skill.fld_64_SkillType,,特技类型,0400
san11pk_dump.exe.idb,struct_skill,5,0x68,fld_68_Unknown,struct_skill.fld_68_Unknown,,,0400
san11pk_dump.exe.idb,struct_facility_type,0,0x0,fld_0_FacilityTypeFuncAddr,struct_facility_type.fld_0_FacilityTypeFuncAddr,,设施类型相关函数所在地址(0079b7f0),
san11pk_dump.exe.idb,struct_facility_type,1,0xc0,fld_C0_BaseMoneyIncome,struct_facility_type.fld_C0_BaseMoneyIncome,,设施的基础钱收入,0400
san11pk_dump.exe.idb,struct_facility_type,2,0xcc,fld_CC,struct_facility_type.fld_CC,,,0400
san11pk_dump.exe.idb,struct_facility,0,0x0,fld_0_FacilityFuncAddr,struct_facility.fld_0_FacilityFuncAddr,,设施相关函数所在地址(18 C7 79 00),
san11pk_dump.exe.idb,struct_facility,1,0x4,fld_4,struct_facility.fld_4,,,0400
san11pk_dump.exe.idb,struct_facility,2,0x8,fld_8_FacilityTypeID,struct_facility.fld_8_FacilityTypeID,,"设施类型ID0=城市,1=关隘,2=港口,更多见数据汇总.md",0400
san11pk_dump.exe.idb,struct_facility,3,0xc,fld_C_FactionID,struct_facility.fld_C_FactionID,,所属势力城港关为初始势力,0400
san11pk_dump.exe.idb,struct_facility,4,0x10,fld_10_Durability,struct_facility.fld_10_Durability,,耐久,0400
san11pk_dump.exe.idb,struct_facility,5,0x14,fld_14_ConstructionStatus,struct_facility.fld_14_ConstructionStatus,,"建设完成(0=未完成,1=已完成)",0400
san11pk_dump.exe.idb,struct_facility,6,0x18,fld_18,struct_facility.fld_18,,,0400
san11pk_dump.exe.idb,struct_facility,7,0x1c,fld_1C,struct_facility.fld_1C,,,0300
san11pk_dump.exe.idb,struct_facility,8,0x1e,fld_1E_XYCoordinate,struct_facility.fld_1E_XYCoordinate,,XY坐标(X为低16位，Y为高16位),0400
san11pk_dump.exe.idb,struct_facility,9,0x22,fld_22,struct_facility.fld_22,,,0300
san11pk_dump.exe.idb,struct_facility,10,0x24,fld_24,struct_facility.fld_24,,,0400
san11pk_dump.exe.idb,struct_facility,11,0x28,fld_28,struct_facility.fld_28,,,0400
san11pk_dump.exe.idb,struct_facility,12,0x2c,fld_2C,struct_facility.fld_2C,,,0400
san11pk_dump.exe.idb,struct_facility,13,0x30,fld_30,struct_facility.fld_30,,,0400
san11pk_dump.exe.idb,struct_facility,14,0x34,fld_34,struct_facility.fld_34,,,0400
san11pk_dump.exe.idb,struct_troop,0,0x0,fld_0_TroopFuncAddr,struct_troop.fld_0_TroopFuncAddr,,部队相关函数所在地址(18 CC 79 00),
san11pk_dump.exe.idb,struct_troop,1,0x4,fld_4,struct_troop.fld_4,,,0400
san11pk_dump.exe.idb,struct_troop,2,0x8,fld_8_TroopType,struct_troop.fld_8_TroopType,,"类型(0=战斗,1=运输)",0400
san11pk_dump.exe.idb,struct_troop,3,0xc,fld_C_MainGeneralID,struct_troop.fld_C_MainGeneralID,,主将ID,0400
san11pk_dump.exe.idb,struct_troop,4,0x10,fld_10_DeputyGeneral1ID,struct_troop.fld_10_DeputyGeneral1ID,,副将1ID,0400
san11pk_dump.exe.idb,struct_troop,5,0x14,fld_14_DeputyGeneral2ID,struct_troop.fld_14_DeputyGeneral2ID,,副将2ID,0400
san11pk_dump.exe.idb,struct_troop,6,0x18,fld_18_TroopStrength,struct_troop.fld_18_TroopStrength,,兵力,0300
san11pk_dump.exe.idb,struct_troop,7,0x1a,fld_1A_TroopMorale,struct_troop.fld_1A_TroopMorale,,气力,0200
san11pk_dump.exe.idb,struct_troop,8,0x1b,fld_1B_Unused,struct_troop.fld_1B_Unused,,空闲,0200
san11pk_dump.exe.idb,struct_troop,9,0x1c,fld_1C_Money,struct_troop.fld_1C_Money,,金钱,0400
san11pk_dump.exe.idb,struct_troop,10,0x20,fld_20_Food,struct_troop.fld_20_Food,,兵粮,0400
san11pk_dump.exe.idb,struct_troop,11,0x24,fld_24_Status,struct_troop.fld_24_Status,,"状态(0=正常,1=混乱,2=伪报)",0400
san11pk_dump.exe.idb,struct_troop,12,0x28,fld_28_StatusDuration,struct_troop.fld_28_StatusDuration,,状态持续回合,0400
san11pk_dump.exe.idb,struct_troop,13,0x2c,fld_2C_Mission,struct_troop.fld_2C_Mission,,任务,0400
san11pk_dump.exe.idb,struct_troop,14,0x30,fld_30_MissionTarget,struct_troop.fld_30_MissionTarget,,任务目标,0400
san11pk_dump.exe.idb,struct_troop,15,0x34,fld_34_MissionCoordX,struct_troop.fld_34_MissionCoordX,,任务坐标X,0300
san11pk_dump.exe.idb,struct_troop,16,0x36,fld_36_MissionCoordY,struct_troop.fld_36_MissionCoordY,,任务坐标Y,0300
san11pk_dump.exe.idb,struct_troop,17,0x38,fld_38,struct_troop.fld_38,,,0400
san11pk_dump.exe.idb,struct_troop,18,0x3c,fld_3C_CoordX,struct_troop.fld_3C_CoordX,,坐标X,0300
san11pk_dump.exe.idb,struct_troop,19,0x3e,fld_3E_CoordY,struct_troop.fld_3E_CoordY,,坐标Y,0300
san11pk_dump.exe.idb,struct_troop,20,0x40,fld_40_HasActed,struct_troop.fld_40_HasActed,,"是否行动(0=未行动,1=已行动)",0400
san11pk_dump.exe.idb,struct_troop,21,0x44,fld_44_FactionID,struct_troop.fld_44_FactionID,,所属势力,0400
san11pk_dump.exe.idb,struct_troop,22,0x48,fld_48_EquipmentQuantities,struct_troop.fld_48_EquipmentQuantities,,12个栏位的兵装数量(兵装4 + 数量4),1b190400
san11pk_dump.exe.idb,struct_troop,23,0xa8,fld_A8_CurrentUnitType,struct_troop.fld_A8_CurrentUnitType,,当前使用的兵种(区分水陆),0400
san11pk_dump.exe.idb,struct_troop,24,0xac,fld_AC_UnitTypeCompatibilities,struct_troop.fld_AC_UnitTypeCompatibilities,,部队显示6个兵科适性,1b070400
san11pk_dump.exe.idb,struct_troop,25,0xc4,fld_C4_HighestLeadership,struct_troop.fld_C4_HighestLeadership,,部队显示最高统,0200
san11pk_dump.exe.idb,struct_troop,26,0xc5,fld_C5_HighestWar,struct_troop.fld_C5_HighestWar,,部队显示最高武,0200
san11pk_dump.exe.idb,struct_troop,27,0xc6,fld_C6_HighestIntelligence,struct_troop.fld_C6_HighestIntelligence,,部队显示最高智,0200
san11pk_dump.exe.idb,struct_troop,28,0xc7,fld_C7_HighestPolitics,struct_troop.fld_C7_HighestPolitics,,部队显示最高政,0200
san11pk_dump.exe.idb,struct_troop,29,0xc8,fld_C8_HighestCharisma,struct_troop.fld_C8_HighestCharisma,,部队显示最高魅,0200
san11pk_dump.exe.idb,struct_troop,30,0xc9,fld_C9_AttackPower,struct_troop.fld_C9_AttackPower,,部队显示攻击力,0200
san11pk_dump.exe.idb,struct_troop,31,0xca,fld_CA_DefensePower,struct_troop.fld_CA_DefensePower,,部队显示防御力,0200
san11pk_dump.exe.idb,struct_troop,32,0xcb,fld_CB_ConstructionAbility,struct_troop.fld_CB_ConstructionAbility,,部队显示建设力,0200
san11pk_dump.exe.idb,struct_troop,33,0xcc,fld_CC_MovementAbility,struct_troop.fld_CC_MovementAbility,,部队显示移动力,0400
san11pk_dump.exe.idb,struct_troop,34,0xd0,fld_D0_UnitTypeCompatibilities,struct_troop.fld_D0_UnitTypeCompatibilities,,部队6个兵科适性,1b070400
san11pk_dump.exe.idb,struct_troop,35,0xe8,fld_E8_HighestLeadership,struct_troop.fld_E8_HighestLeadership,,部队最高统,0200
san11pk_dump.exe.idb,struct_troop,36,0xe9,fld_E9_HighestWar,struct_troop.fld_E9_HighestWar,,部队最高武,0200
san11pk_dump.exe.idb,struct_troop,37,0xea,fld_EA_HighestIntelligence,struct_troop.fld_EA_HighestIntelligence,,部队最高智,0200
san11pk_dump.exe.idb,struct_troop,38,0xeb,fld_EB_HighestPolitics,struct_troop.fld_EB_HighestPolitics,,部队最高政,0200
san11pk_dump.exe.idb,struct_troop,39,0xec,fld_EC_HighestCharisma,struct_troop.fld_EC_HighestCharisma,,部队最高魅,0200
san11pk_dump.exe.idb,struct_troop,40,0xed,fld_ED_AttackPower,struct_troop.fld_ED_AttackPower,,部队攻击力,0200
san11pk_dump.exe.idb,struct_troop,41,0xee,fld_EE_DefensePower,struct_troop.fld_EE_DefensePower,,部队防御力,0200
san11pk_dump.exe.idb,struct_troop,42,0xef,fld_EF_ConstructionAbility,struct_troop.fld_EF_ConstructionAbility,,部队建设力,0200
san11pk_dump.exe.idb,struct_troop,43,0xf0,fld_F0_MovementAbility,struct_troop.fld_F0_MovementAbility,,部队移动力,0400
san11pk_dump.exe.idb,struct_person_list,0,0x0,fld_0_PersonListFuncAddr,struct_person_list.fld_0_PersonListFuncAddr,,武将链表相关函数所在地址(0079BF44),
san11pk_dump.exe.idb,struct_person_list,1,0x4,fld_4_HeadNode,struct_person_list.fld_4_HeadNode,,武将链表头指针（指向最开始插入的节点）,0a3d0423856f00
san11pk_dump.exe.idb,struct_person_list,2,0x8,fld_8_TailNode,struct_person_list.fld_8_TailNode,,武将链表尾指针（指向最近一次插入的节点）,0a3d0423856f00
san11pk_dump.exe.idb,struct_person_list,3,0xc,fld_C_NodeNum,struct_person_list.fld_C_NodeNum,,插入链表的节点个数，即武将个数,0400
san11pk_dump.exe.idb,struct_person_list,4,0x10,fld_10_NodePool,struct_person_list.fld_10_NodePool,,节点池(注意这里只存备用的节点内存，里面是没有数据的),0a3d0423856f00
san11pk_dump.exe.idb,struct_person_list,5,0x14,fld_14_PoolHeadNode,struct_person_list.fld_14_PoolHeadNode,,"节点池中首个节点，记录于此用于释放节点池。
如果以动态分配（基于内存块元信息链表）的方式分配节点池，则该节点地址前16字节即该内存块的元信息struct_mem_block_meta;
如果以静态分配（基于bitmap）的方式分配节点池",0a3d0423856f00
san11pk_dump.exe.idb,struct_person_list,6,0x18,fld_18_NodePoolSize,struct_person_list.fld_18_NodePoolSize,,节点池初始大小，都是10,0400
san11pk_dump.exe.idb,struct_person_list,7,0x1c,fld_1C_AlwaysZero,struct_person_list.fld_1C_AlwaysZero,,都是0,0400
san11pk_dump.exe.idb,struct_person_list_node,0,0x0,fld_0_NextNodePtr,struct_person_list_node.fld_0_NextNodePtr,,下一个节点指针,0a3d0423856f00
san11pk_dump.exe.idb,struct_person_list_node,1,0x4,fld_4_PreNodePtr,struct_person_list_node.fld_4_PreNodePtr,,上一个节点指针,0a3d0423856f00
san11pk_dump.exe.idb,struct_person_list_node,2,0x8,fld_8_PersonPtr,struct_person_list_node.fld_8_PersonPtr,,武将指针,0a3d0423856700
san11pk_dump.exe.idb,struc_mem_block_meta,0,0x0,fld_0_pre,struc_mem_block_meta.fld_0_pre,,上一个内存块节点指针,0a3d0423857000
san11pk_dump.exe.idb,struc_mem_block_meta,1,0x4,fld_4_next,struc_mem_block_meta.fld_4_next,,下一个内存块节点指针,0a3d0423857000
san11pk_dump.exe.idb,struc_mem_block_meta,2,0x8,fld_8_used_space,struc_mem_block_meta.fld_8_used_space,,本内存块已使用的空间大小（16字节为单位）,0700
san11pk_dump.exe.idb,struc_mem_block_meta,3,0xc,fld_C_free_space,struc_mem_block_meta.fld_C_free_space,,本内存块的剩余的空间大小（16字节为单位）,0700
san11pk_dump.exe.idb,struct_mem_allocator,0,0x10,fld_10_blockList,struct_mem_allocator.fld_10_blockList,,指向某种内存块链表,0a3d0423857000
san11pk_dump.exe.idb,struct_mem_allocator,1,0x14,fld_14_allocMem,struct_mem_allocator.fld_14_allocMem,,当前分配内存总量（16字节为单位）,0700
san11pk_dump.exe.idb,struct_mem_allocator,2,0x18,fld_18_peakMem,struct_mem_allocator.fld_18_peakMem,,峰值内存使用量（16字节为单位）,0700
san11pk_dump.exe.idb,struct_mem_allocator,3,0x1c,fld_1C_criticalSection,struct_mem_allocator.fld_1C_criticalSection,,"应指向 CRITICAL_SECTION 对象,用于同步",3d03234b00
san11pk_dump.exe.idb,struct_mem_allocator,4,0x34,fld_34,struct_mem_allocator.fld_34,,未知,0400
san11pk_dump.exe.idb,CRITICAL_SECTION,0,,DebugInfo,CRITICAL_SECTION.DebugInfo,,,3d03234c00
san11pk_dump.exe.idb,CRITICAL_SECTION,1,,LockCount,CRITICAL_SECTION.LockCount,,,3d03235200
san11pk_dump.exe.idb,CRITICAL_SECTION,2,,RecursionCount,CRITICAL_SECTION.RecursionCount,,,3d03235200
san11pk_dump.exe.idb,CRITICAL_SECTION,3,,OwningThread,CRITICAL_SECTION.OwningThread,,,3d03235300
san11pk_dump.exe.idb,CRITICAL_SECTION,4,,LockSemaphore,CRITICAL_SECTION.LockSemaphore,,,3d03235300
san11pk_dump.exe.idb,CRITICAL_SECTION,5,,SpinCount,CRITICAL_SECTION.SpinCount,,,3d03235400
